x_,y_,t_
4332995.879857384,3401199.9839981226,2024-08-11T16:00:10Z
4332992.73112621,3401139.8827399784,2024-08-11T17:00:37Z
4332978.187983047,3401146.5233525205,2024-08-11T18:00:12Z
4332977.59263141,3401120.926540383,2024-08-11T19:00:36Z
4333099.1435502265,3401356.0416243225,2024-08-11T20:00:11Z
4333141.336702513,3401380.630989764,2024-08-11T21:00:13Z
4333140.036236509,3401372.8378083077,2024-08-11T22:00:37Z
4333752.416921861,3401496.843244767,2024-08-11T23:00:09Z
4333782.947291199,3401437.9441586058,2024-08-12T00:00:36Z
4333742.05143854,3401423.368144178,2024-08-12T01:00:11Z
4333723.624635625,3401401.062293863,2024-08-12T02:00:11Z
4333648.1078117285,3401247.290071302,2024-08-12T03:00:38Z
4333495.963124428,3401104.446738022,2024-08-12T04:00:10Z
4333072.104382613,3401085.553167716,2024-08-12T05:00:38Z
4333059.402553109,3401146.7273464603,2024-08-12T06:00:13Z
4333062.649939402,3401167.879494568,2024-08-12T07:00:38Z
4333051.411009663,3401173.4153754655,2024-08-12T08:00:36Z
4332979.341958838,3401212.1838066797,2024-08-12T09:00:38Z
4332984.615659705,3401215.5355330342,2024-08-12T10:00:14Z
4332983.96386207,3401212.1953802374,2024-08-12T11:00:38Z
4332974.67771931,3401228.8647330394,2024-08-12T12:00:24Z
4332989.246037178,3401212.2086126264,2024-08-12T13:00:38Z
4332993.210495272,3401211.105707718,2024-08-12T14:00:36Z
4333009.068346222,3401206.6941209673,2024-08-12T15:00:11Z
4333027.584329167,3401195.6122268285,2024-08-12T17:00:12Z
4333017.762359232,3401163.315184511,2024-08-12T18:00:11Z
4332982.008463546,3401202.1749223717,2024-08-12T19:00:38Z
4333059.505703468,3401364.8442772967,2024-08-12T20:00:10Z
4333741.259050292,3401472.33102345,2024-08-12T21:00:11Z
4333776.209367807,3401488.003993147,2024-08-12T22:00:37Z
4333817.1498728795,3401485.887810352,2024-08-12T23:00:11Z
4333836.420701287,3401440.313002614,2024-08-13T00:00:26Z
4333804.0266903145,3401455.8059738246,2024-08-13T01:00:37Z
4333779.552707114,3401472.433152204,2024-08-13T02:00:10Z
4333747.834361056,3401482.3641040423,2024-08-13T03:00:13Z
4333452.075887368,3401471.569671752,2024-08-13T04:00:37Z
4333456.034364826,3401472.6928159767,2024-08-13T05:00:36Z
4333450.092245898,3401472.67735011,2024-08-13T06:00:11Z
4333451.40097676,3401477.1321176547,2024-08-13T07:00:11Z
4333454.705086611,3401476.0278769666,2024-08-13T08:01:30Z
4333449.41440324,3401479.35262913,2024-08-13T09:00:36Z
4333448.1174080325,3401470.4465308012,2024-08-13T10:00:36Z
4333436.922716014,3401459.289013909,2024-08-13T11:00:13Z
4333443.498690912,3401469.3216759735,2024-08-13T12:00:38Z
4333492.353202649,3401470.561824342,2024-08-13T13:00:10Z
4333485.164182973,3401442.7220472684,2024-08-13T14:00:38Z
4333493.081168856,3401444.9683937263,2024-08-13T15:00:14Z
4333492.426818833,3401442.741004215,2024-08-13T16:00:36Z
4333502.365776846,3401429.4128788034,2024-08-13T17:00:12Z
4333512.950286821,3401421.6506646317,2024-08-13T18:00:38Z
4333629.23037299,3401393.022322497,2024-08-13T19:00:36Z
4333884.731747873,3401640.754200142,2024-08-13T20:00:10Z
4334282.363539356,3401810.993429228,2024-08-13T21:00:25Z
4334373.53569734,3401787.877754868,2024-08-13T22:00:37Z
4334441.7033404885,3401729.0882071224,2024-08-13T23:00:08Z
4333760.533645293,3401180.8181371875,2024-08-14T00:00:10Z
4333656.685315643,3401249.5384336817,2024-08-14T01:00:38Z
4333623.606524692,3401273.9335411894,2024-08-14T02:00:11Z
4333554.391329305,3401231.463494432,2024-08-14T03:00:12Z
4333057.407500718,3401152.2865194757,2024-08-14T04:00:37Z
4333062.026619614,3401153.4110013903,2024-08-14T05:00:11Z
4333060.6890036,3401160.0846705246,2024-08-14T06:00:38Z
4333053.4486600505,3401151.1637052484,2024-08-14T07:00:14Z
4333061.352125563,3401158.9735018592,2024-08-14T08:00:38Z
4333061.363496719,3401154.522169964,2024-08-14T09:00:11Z
4333061.3379116105,3401164.5376667413,2024-08-14T10:00:38Z
4333056.098306359,3401147.831860126,2024-08-14T11:00:36Z
4332996.145631107,3401095.3776955223,2024-08-14T12:00:36Z
4332993.306605417,3401173.2693851897,2024-08-14T13:00:12Z
4332990.002392764,3401174.373944488,2024-08-14T14:00:36Z
4332990.6570176575,3401176.6012650775,2024-08-14T15:00:10Z
4332993.309432181,3401172.156552175,2024-08-14T16:00:10Z
4333003.3409036035,3401122.1039018864,2024-08-14T17:00:38Z
4333002.023163402,3401120.987756366,2024-08-14T18:00:10Z
4332981.401845639,3401181.029441601,2024-08-14T19:00:11Z
4333724.8311485825,3401443.3534472357,2024-08-14T20:00:37Z
4333758.497349217,3401445.6687834733,2024-08-14T21:00:09Z
4333767.161712068,3401415.6451969957,2024-08-14T22:00:38Z
4333830.384787588,3401474.7948757196,2024-08-14T23:00:09Z
4333698.039679637,3401339.788091027,2024-08-15T00:00:23Z
4333634.120111834,3401292.879579981,2024-08-15T01:00:38Z
4333629.721548315,3401209.4049261888,2024-08-15T02:00:10Z
4333615.1777185975,3401216.043602966,2024-08-15T03:00:10Z
4333060.762911995,3401131.1510132225,2024-08-15T05:00:37Z
4333062.706801409,3401145.6228350857,2024-08-15T06:00:12Z
4333071.9052136615,3401163.4514751737,2024-08-15T07:00:14Z
4333052.774175803,3401156.7262069145,2024-08-15T08:00:37Z
4333072.542728863,3401172.3558048,2024-08-15T09:00:13Z
4333063.31874726,3401164.5426602275,2024-08-15T10:00:38Z
4333077.819255137,3401174.594800902,2024-08-15T11:00:16Z
4333079.794392262,3401176.8254671507,2024-08-15T12:00:36Z
4333087.114414602,3401154.587149364,2024-08-15T13:00:13Z
4333081.114945923,3401176.8288011453,2024-08-15T14:00:38Z
4333086.414252801,3401170.1651429683,2024-08-15T15:00:20Z
4333081.7353560645,3401192.4101298456,2024-08-15T16:01:06Z
4333087.003308925,3401197.987635002,2024-08-15T17:00:13Z
4333089.678598287,3401184.640311743,2024-08-15T18:00:17Z
4333300.373224873,3401159.5819702223,2024-08-15T19:00:38Z
4333432.88128522,3401238.9361048685,2024-08-15T20:00:11Z
4333615.287733205,3401174.8687933097,2024-08-15T21:00:10Z
4333681.378206822,3401151.6738431156,2024-08-15T22:00:37Z
4333737.517043465,3401146.258752207,2024-08-15T23:00:10Z
4333499.014151952,3401199.046144323,2024-08-16T00:00:36Z
4333487.123338921,3401201.2407790003,2024-08-16T01:00:54Z
4333628.511133525,3401168.226631426,2024-08-16T02:00:10Z
4333557.059043095,3401221.4549301895,2024-08-16T03:00:31Z
4333461.038402862,3401077.647490351,2024-08-16T04:00:10Z
4333067.935008405,3401166.779980826,2024-08-16T05:00:36Z
4333069.244186238,3401171.234643438,2024-08-16T06:00:11Z
4333065.954173694,3401166.774985429,2024-08-16T07:00:24Z
4333061.326540444,3401168.988998645,2024-08-16T08:02:30Z
4333077.133359225,3401184.6086310493,2024-08-16T09:00:18Z
4333070.510686952,3401192.3818010394,2024-08-16T10:00:37Z
4333074.475180794,3401191.2789634583,2024-08-16T11:00:10Z
4333073.143248773,3401195.7269632015,2024-08-16T12:00:11Z
4333101.651982351,3401150.1725337277,2024-08-16T14:03:00Z
4333091.724974387,3401159.0501588355,2024-08-16T15:00:10Z
4333072.502892692,3401187.9354664274,2024-08-16T16:00:36Z
4333071.834081551,3401191.2722994955,2024-08-16T17:00:11Z
4333072.482974585,3401195.725297258,2024-08-16T18:00:12Z
4333066.121962176,3401101.117840293,2024-08-16T19:00:37Z
4333606.138931821,3401139.233784911,2024-08-16T20:00:37Z
4333688.61736524,3401160.595758907,2024-08-16T21:00:10Z
4333700.469460641,3401172.8684492544,2024-08-16T22:00:37Z
4333707.099189073,3401162.870485591,2024-08-16T23:00:10Z
4333650.847278273,3401210.5735748904,2024-08-17T00:00:10Z
4333611.742594913,3401266.1123718405,2024-08-17T01:00:38Z
4333607.096972523,3401275.0028535547,2024-08-17T02:00:10Z
4333616.968206162,3401287.270118713,2024-08-17T03:00:10Z
4333518.333217219,3401134.551901654,2024-08-17T04:01:36Z
4333088.568885111,3401102.287336446,2024-08-17T05:00:10Z
4333074.478026704,3401190.1661304845,2024-08-17T06:00:38Z
4333074.469488972,3401193.50462941,2024-08-17T07:00:10Z
4333088.355197634,3401185.7498083506,2024-08-17T08:00:31Z
4333073.806368717,3401194.6157962615,2024-08-17T09:00:14Z
4333063.264725306,3401185.686486791,2024-08-17T10:00:38Z
4333079.099951456,3401190.17779593,2024-08-17T11:00:10Z
4333079.122727444,3401181.2751321704,2024-08-17T12:00:12Z
4333111.450569733,3401191.3724120064,2024-08-17T13:00:39Z
4333096.992952937,3401164.6276749554,2024-08-17T14:00:37Z
4333095.6581414435,3401170.1885013683,2024-08-17T15:00:11Z
4333096.355482705,3401155.7233420545,2024-08-17T16:00:18Z
4333091.101742352,3401144.5816618665,2024-08-17T17:00:38Z
4333087.140054311,3401144.571652717,2024-08-17T18:00:09Z
4333146.168460316,3401042.339829623,2024-08-17T19:00:11Z
4333636.431491221,3401169.3603821527,2024-08-17T20:00:37Z
4333681.987672839,3401170.5937481606,2024-08-17T21:00:11Z
4333517.484113469,3401205.7714696876,2024-08-17T22:00:38Z
4333568.988350401,3401204.7936439356,2024-08-17T23:00:11Z
4333607.180175016,3401243.843537697,2024-08-18T00:00:12Z
4333610.496373622,3401238.2880737367,2024-08-18T01:00:36Z
4333598.599667876,3401242.708096784,2024-08-18T02:00:10Z
4333558.96881118,3401248.1681144284,2024-08-18T03:00:36Z
4333552.262591775,3401287.099934563,2024-08-18T04:00:38Z
4333345.074068559,3401487.984997051,2024-08-18T05:01:07Z
4333079.102798456,3401189.064962957,2024-08-18T06:00:36Z
4333074.492256251,3401184.6019656206,2024-08-18T07:00:08Z
4333076.473083481,3401184.6069645556,2024-08-18T08:00:36Z
4333069.184448307,3401194.604135928,2024-08-18T09:00:10Z
4333081.040911787,3401205.7624583915,2024-08-18T10:00:12Z
4333076.464544353,3401187.9454634716,2024-08-18T11:00:38Z
4333073.157476772,3401190.16279832,2024-08-18T12:00:09Z
4333081.095013675,3401184.618631926,2024-08-18T13:00:09Z
4333094.289126131,3401189.1033237185,2024-08-18T14:00:37Z
4333071.133974859,3401206.8502954245,2024-08-18T15:00:12Z
4333091.633775891,3401194.660813654,2024-08-18T16:00:36Z
4333089.001226548,3401191.315641312,2024-08-18T17:00:36Z
4333076.498700851,3401174.5914678173,2024-08-18T18:00:16Z
4333141.543529277,3401043.4409323568,2024-08-18T19:00:38Z
4333527.565364655,3401139.0274253553,2024-08-18T20:00:11Z
4333545.988208828,3401163.558184359,2024-08-18T21:00:12Z
4333534.716201525,3401181.3340902287,2024-08-18T22:00:37Z
4333536.057436694,3401173.5477206456,2024-08-18T23:00:11Z
4333578.818323415,3401232.640488292,2024-08-19T00:00:36Z
4333560.9555329075,3401245.9476484708,2024-08-19T01:00:09Z
4333497.074567985,3401183.461311891,2024-08-19T02:00:36Z
4333493.180637818,3401157.85581327,2024-08-19T03:00:37Z
4333472.817804905,3401117.740435324,2024-08-19T04:00:36Z
4333264.673550731,3400922.455357123,2024-08-19T05:00:10Z
4333070.522066858,3401187.9304691358,2024-08-19T06:00:35Z
4333073.1830871515,3401180.1473015593,2024-08-19T07:00:13Z
4333073.160322371,3401189.049965345,2024-08-19T08:00:38Z
4333074.492256251,3401184.6019656206,2024-08-19T09:00:10Z
4333080.41195945,3401193.5196286496,2024-08-19T10:00:16Z
4333067.858210905,3401196.8264711774,2024-08-19T11:00:38Z
4333067.175183261,3401205.727469808,2024-08-19T12:00:10Z
4333074.478026704,3401190.1661304845,2024-08-19T13:00:36Z
4333073.857592274,3401174.5848027407,2024-08-19T14:00:37Z
4333073.834826261,3401183.487466516,2024-08-19T15:00:12Z
4333073.797831449,3401197.9542951835,2024-08-19T16:00:37Z
4333074.486564433,3401186.827631563,2024-08-19T17:00:11Z
4333076.458851599,3401190.1711294143,2024-08-19T18:00:38Z
4333095.012117328,3401164.6226675287,2024-08-19T19:00:12Z
4333636.526797968,3401133.749736566,2024-08-19T20:00:36Z
4333662.095778979,3401201.7006037356,2024-08-19T21:00:10Z
4333667.389908197,3401197.263254068,2024-08-19T22:00:38Z
4333666.012638583,3401218.403578975,2024-08-19T23:00:09Z
4333615.1777185975,3401216.043602966,2024-08-20T00:00:09Z
4333604.622290115,3401212.677263936,2024-08-20T01:00:09Z
4333518.93743791,3401155.697451096,2024-08-20T02:00:56Z
4333489.242510097,3401148.942809198,2024-08-20T03:00:18Z
4333452.3959259875,3401099.88179963,2024-08-20T04:01:06Z
4333096.634882933,3401046.6657132544,2024-08-20T05:00:31Z
4333075.798576634,3401190.1694630133,2024-08-20T06:00:11Z
4333071.848307988,3401185.708134624,2024-08-20T07:00:36Z
4333079.777309346,3401183.5024649636,2024-08-20T08:00:13Z
4333065.330863863,3401152.306491825,2024-08-20T09:00:38Z
4333076.430387814,3401201.29945916,2024-08-20T10:00:38Z
4333075.801422856,3401189.056630039,2024-08-20T11:00:17Z
4333079.754532109,3401192.4051287314,2024-08-20T12:00:38Z
4333085.065213311,3401181.2901371843,2024-08-20T13:00:24Z
4333074.478026704,3401190.1661304845,2024-08-20T14:00:38Z
4333072.48582003,3401194.612464282,2024-08-20T15:00:09Z
4333071.165271342,3401194.6091326675,2024-08-20T16:00:34Z
4333070.504996997,3401194.607466996,2024-08-20T17:00:10Z
4333087.071681701,3401171.2796438006,2024-08-20T18:00:11Z
4333109.8379294025,3401047.8119488764,2024-08-20T19:00:38Z
4333675.358008399,3401180.5917466083,2024-08-20T20:00:38Z
4333763.947853626,3400894.8272067104,2024-08-20T21:00:10Z
4333763.998992051,3400875.9090532167,2024-08-20T22:00:38Z
4333765.148147584,3400939.3440320133,2024-08-20T23:00:10Z
4333656.840440948,3401191.671134524,2024-08-21T00:00:10Z
4333533.896396914,3401241.425328525,2024-08-21T01:00:38Z
4333537.24206099,3401224.741486397,2024-08-21T02:00:11Z
4333476.664829142,3401161.1512413057,2024-08-21T03:00:38Z
4333284.952142502,3400995.954831866,2024-08-21T04:00:35Z
4333282.021460076,3401107.231336034,2024-08-21T05:00:10Z
4333272.797696331,3401099.4177876418,2024-08-21T06:00:38Z
4333274.074878317,3401116.11366775,2024-08-21T07:00:11Z
4333271.4481984,3401110.542729337,2024-08-21T08:00:13Z
4333262.878930409,3401104.9565591775,2024-08-21T09:00:31Z
4333277.36183653,3401121.68630174,2024-08-21T10:00:19Z
4333274.074878317,3401116.11366775,2024-08-21T11:00:36Z
4333276.736274135,3401108.3306133333,2024-08-21T12:00:09Z
4333274.723591447,3401120.5666929423,2024-08-21T13:00:36Z
4333274.092235647,3401109.4366706093,2024-08-21T14:00:38Z
4333277.379198537,3401115.0093045975,2024-08-21T15:00:36Z
4333271.439521603,3401113.8812279184,2024-08-21T16:00:34Z
4333273.411700272,3401117.2248069444,2024-08-21T17:00:10Z
4333274.069092538,3401118.3393334732,2024-08-21T18:00:38Z
4333280.683520306,3401113.904943723,2024-08-21T19:00:10Z
4333547.954257381,3401169.127542103,2024-08-21T20:00:11Z
4333586.21774247,3401181.4692825633,2024-08-21T21:00:38Z
4333591.508854985,3401178.1446816796,2024-08-21T22:00:38Z
4333579.552716672,3401204.8214061926,2024-08-21T23:00:10Z
4333574.978228435,3401187.00393389,2024-08-22T00:00:11Z
4333584.846764626,3401200.383965226,2024-08-22T01:00:36Z
4333569.598258504,3401223.7135346523,2024-08-22T02:00:10Z
4333465.513536768,3401133.3011669707,2024-08-22T03:01:09Z
4333277.379198537,3401115.0093045975,2024-08-22T04:00:37Z
4333270.753206973,3401123.8950303583,2024-08-22T05:00:12Z
4333273.423271205,3401112.7734755073,2024-08-22T06:00:36Z
4333272.762985427,3401112.7717819307,2024-08-22T07:00:11Z
4333276.05573425,3401116.1187492963,2024-08-22T08:00:36Z
4333272.0911299605,3401117.2214198853,2024-08-22T09:00:11Z
4333273.420378473,3401113.886308373,2024-08-22T10:00:36Z
4333284.659710909,3401108.3509488404,2024-08-22T11:00:10Z
4333285.351848148,3401096.1114827036,2024-08-22T12:00:36Z
4333272.748522538,3401118.3359462325,2024-08-22T13:00:11Z
4333274.077771206,3401115.0008348967,2024-08-22T14:00:36Z
4333276.736274135,3401108.3306133333,2024-08-22T15:00:09Z
4333280.689309196,3401111.6792780114,2024-08-22T16:00:20Z
4333274.074878317,3401116.11366775,2024-08-22T17:00:38Z
4333277.370517535,3401118.347803169,2024-08-22T18:00:11Z
4333308.746226023,3400987.1132558146,2024-08-22T19:00:12Z
4333631.155222637,3401167.120769973,2024-08-22T20:00:37Z
4333634.462569175,3401164.903820701,2024-08-22T21:00:14Z
4333632.511507809,3401153.770263992,2024-08-22T22:00:38Z
4333637.133467985,3401153.78246845,2024-08-22T23:00:09Z
4333610.9006022755,3401086.9428278776,2024-08-23T00:00:11Z
4333595.6159803625,3401123.626306318,2024-08-23T01:00:09Z
4333588.956762512,3401144.7527512866,2024-08-23T02:00:37Z
4333590.86638399,3401171.4659479805,2024-08-23T03:00:09Z
4333320.707183634,3400958.210190365,2024-08-23T04:00:54Z
4333270.785020201,3401111.653868893,2024-08-23T05:00:36Z
4333276.052840894,3401117.2315821555,2024-08-23T06:00:10Z
4333275.395448939,3401116.1170553565,2024-08-23T07:00:36Z
4333273.423271205,3401112.7734755073,2024-08-23T08:00:10Z
4333274.066199648,3401119.4521663305,2024-08-23T09:00:36Z
4333283.295712095,3401125.0400514826,2024-08-23T10:00:10Z
4333278.056846933,3401108.3340016734,2024-08-23T11:00:36Z
4333276.058627605,3401115.0059164437,2024-08-23T12:00:38Z
4333290.5849077925,3401115.043206179,2024-08-23T13:00:10Z
4333276.058627605,3401115.0059164437,2024-08-23T14:00:38Z
4333276.05573425,3401116.1187492963,2024-08-23T15:00:10Z
4333273.4145930065,3401116.1119740834,2024-08-23T16:00:38Z
4333275.386769337,3401119.455553935,2024-08-23T17:00:11Z
4333274.069092538,3401118.3393334732,2024-08-23T18:00:38Z
4333267.570330344,3401078.260418009,2024-08-23T19:00:11Z
4333632.475778955,3401167.124256132,2024-08-23T20:00:36Z
4333642.347174139,3401179.3915733704,2024-08-23T21:00:12Z
4333658.842150578,3401183.886545857,2024-08-23T22:00:38Z
4333662.137560813,3401186.1209463812,2024-08-23T23:00:09Z
4333673.944852064,3401215.0860611545,2024-08-24T00:00:09Z
4333564.212447593,3401262.648807105,2024-08-24T01:00:35Z
4333596.589174857,3401253.8312088205,2024-08-24T02:00:36Z
4333634.024818647,3401328.4902265156,2024-08-24T03:00:13Z
4333393.235843814,3400998.4597366457,2024-08-24T04:00:38Z
4333078.436829649,3401191.2889621356,2024-08-24T05:00:11Z
4333072.502892692,3401187.9354664274,2024-08-24T06:00:38Z
4333067.8638996165,3401194.6008052244,2024-08-24T07:00:11Z
4333071.836926839,3401190.1594665204,2024-08-24T08:00:38Z
4333066.534818791,3401197.9359738184,2024-08-24T09:00:10Z
4333071.836926839,3401190.1594665204,2024-08-24T10:00:14Z
4333073.831980508,3401184.6002994915,2024-08-24T11:00:38Z
4333069.207205629,3401185.7014721124,2024-08-24T12:00:10Z
4333061.232728142,3401205.7124870014,2024-08-24T13:00:27Z
4333071.182342136,3401187.9321348085,2024-08-24T14:00:37Z
4333075.081380295,3401212.424456226,2024-08-24T15:00:13Z
4333071.845462701,3401186.820967595,2024-08-24T16:00:36Z
4333071.836926839,3401190.1594665204,2024-08-24T17:00:10Z
4333073.794985692,3401199.06712817,2024-08-24T18:00:38Z
4333113.374292212,3401213.634085378,2024-08-24T19:00:08Z
4333802.027871153,3401462.477669497,2024-08-24T20:00:11Z
4333568.6861762265,3401318.302582399,2024-08-24T21:02:06Z
4333563.276785502,3401366.1405184334,2024-08-24T22:02:06Z
4333575.889718993,3401340.5783208204,2024-08-24T23:00:36Z
4333581.882419719,3401321.6757863485,2024-08-25T00:00:36Z
4333613.708522479,3401271.681756733,2024-08-25T01:00:17Z
4333387.293127979,3400998.444348994,2024-08-25T02:00:37Z
4333272.754307695,3401116.1102805077,2024-08-25T03:00:09Z
4333275.39834214,3401115.004222504,2024-08-25T04:00:38Z
4333276.0499475375,3401118.3444150174,2024-08-25T05:00:10Z
4333273.4145930065,3401116.1119740834,2024-08-25T06:00:38Z
4333276.052840894,3401117.2315821555,2024-08-25T07:00:11Z
4333264.839556064,3401112.751466121,2024-08-25T08:00:14Z
4333293.283997611,3401092.7933339425,2024-08-25T09:00:38Z
4333303.179626959,3401096.1572881276,2024-08-25T10:00:10Z
4333284.057328884,3401086.0925967186,2024-08-25T11:00:12Z
4333293.3129715575,3401081.665005511,2024-08-25T12:00:37Z
4333293.964569038,3401085.005200448,2024-08-25T13:00:36Z
4333293.973261685,3401081.6667019217,2024-08-25T14:00:08Z
4333293.976159234,3401080.553869074,2024-08-25T15:00:36Z
4333293.984851878,3401077.215370557,2024-08-25T16:00:11Z
4333298.618481666,3401072.7759166374,2024-08-25T17:00:11Z
4333292.006876708,3401076.09744875,2024-08-25T18:01:00Z
4333278.827104228,3401066.0480476506,2024-08-25T19:00:10Z
4333399.2720721355,3400962.8644830794,2024-08-25T20:00:12Z
4333676.648682562,3401191.723571554,2024-08-25T21:00:36Z
4333572.763292314,3401274.912513659,2024-08-25T22:00:11Z
4333569.988913351,3401324.983047772,2024-08-25T23:00:13Z
4333576.53515099,3401346.1442199405,2024-08-26T00:00:37Z
4333624.772313112,3401331.804326072,2024-08-26T01:00:16Z
4333619.490272069,3401331.790392054,2024-08-26T02:01:00Z
4333089.004075882,3401190.202808345,2024-08-26T03:00:16Z
4333066.55757114,3401189.033309987,2024-08-26T04:00:37Z
4333073.160322371,3401189.049965345,2024-08-26T05:00:10Z
4333072.511429019,3401184.5969675058,2024-08-26T06:00:36Z
4333075.804269077,3401187.9437970696,2024-08-26T07:00:11Z
4333054.666936374,3401191.229019271,2024-08-26T08:00:14Z
4333072.491510918,3401192.3867983273,2024-08-26T09:00:37Z
4333071.834081551,3401191.2722994955,2024-08-26T10:00:36Z
4333072.502892692,3401187.9354664274,2024-08-26T11:00:11Z
4333071.17380674,3401191.270633733,2024-08-26T12:00:29Z
4333071.834081551,3401191.2722994955,2024-08-26T13:00:37Z
4333068.555463563,3401182.3613077826,2024-08-26T14:00:17Z
4333073.166013568,3401186.824299397,2024-08-26T15:00:38Z
4333073.163167969,3401187.937132374,2024-08-26T16:00:11Z
4333071.871070271,3401176.8054708363,2024-08-26T17:00:17Z
4333067.2491324255,3401176.793812379,2024-08-26T18:01:36Z
4333107.160744496,3401319.3381774463,2024-08-26T19:00:11Z
4333123.092780311,3401543.0594045906,2024-08-26T20:00:35Z
4333117.79383683,3401549.7230223985,2024-08-26T21:00:30Z
4333114.515558636,3401540.8119985624,2024-08-26T22:00:38Z
4333084.799694377,3401542.9625296453,2024-08-26T23:00:11Z
4333053.208304983,3401503.9334324948,2024-08-27T00:00:17Z
4333088.508287402,3401383.8357476024,2024-08-27T01:00:38Z
4333155.244893799,3401363.973698965,2024-08-27T02:00:13Z
4333142.734476968,3401350.587850557,2024-08-27T03:00:36Z
4333108.389928986,3401354.9521744624,2024-08-27T04:00:11Z
4333074.483718524,3401187.9404645395,2024-08-27T05:00:36Z
4333073.837672013,3401182.3746335427,2024-08-27T06:00:11Z
4333086.374370885,3401185.7448044964,2024-08-27T07:00:11Z
4333073.146094373,3401194.6141302264,2024-08-27T08:01:00Z
4333072.48012914,3401196.838130231,2024-08-27T09:00:13Z
4333074.475180794,3401191.2789634583,2024-08-27T10:00:11Z
4333069.204360965,3401186.8143050848,2024-08-27T11:00:36Z
4333073.1773959575,3401182.3729675044,2024-08-27T12:00:14Z
4333074.472334883,3401192.391796435,2024-08-27T13:00:36Z
4333016.915143859,3401236.7605045484,2024-08-27T14:00:15Z
4333075.1582241235,3401182.3779658945,2024-08-27T15:00:38Z
4333081.79230846,3401170.1534704654,2024-08-27T16:00:12Z
4333111.621846742,3401124.602435038,2024-08-27T17:00:13Z
4333089.442089776,3401277.005448564,2024-08-27T18:00:35Z
4333027.568450615,3402238.343472135,2024-08-27T19:00:10Z
4332710.093871901,3403548.481554513,2024-08-27T20:00:16Z
4332346.416197829,3404116.266153862,2024-08-27T21:01:08Z
4332468.321313848,3403100.533906119,2024-08-27T22:01:00Z
4332578.944010931,3402937.212943953,2024-08-27T23:00:36Z
4332563.0351044545,3402964.9954594304,2024-08-28T00:01:09Z
4332526.611786348,3402744.565203777,2024-08-28T01:00:36Z
4333070.584937504,3402196.163888591,2024-08-28T02:00:19Z
4333080.872513151,3401529.598529199,2024-08-28T03:00:38Z
4333055.298797204,3401202.359012608,2024-08-28T04:00:12Z
4332992.558703084,3401207.76555375,2024-08-28T05:00:13Z
4332991.904083498,3401205.538232893,2024-08-28T06:00:37Z
4332981.99716704,3401206.6262544733,2024-08-28T07:00:09Z
4332980.67097407,3401208.848613872,2024-08-28T08:00:09Z
4332979.353252859,3401207.7324745725,2024-08-28T09:00:38Z
4332935.744320782,3401219.8647354017,2024-08-28T10:00:10Z
4332979.350429354,3401208.8453075956,2024-08-28T11:00:36Z
4332980.002230729,3401212.1854597726,2024-08-28T12:00:38Z
4332977.361143162,3401212.178847951,2024-08-28T13:00:10Z
4332979.350429354,3401208.8453075956,2024-08-28T14:00:07Z
4332980.021996353,3401204.3956285883,2024-08-28T15:00:11Z
4332977.369612278,3401208.840348863,2024-08-28T16:00:36Z
4332975.391617771,3401207.722557926,2024-08-28T17:00:10Z
4332977.361143162,3401212.178847951,2024-08-28T18:00:36Z
4333109.343777367,3402012.6431873078,2024-08-28T19:00:10Z
4332619.271278838,3403178.7970622857,2024-08-28T20:00:11Z
4332251.254851462,3404175.02181156,2024-08-28T21:03:00Z
4331909.08665596,3404616.0263556316,2024-08-28T22:00:38Z
4332269.849928592,3403849.0034504095,2024-08-28T23:00:10Z
4332461.4563354235,3403209.575778954,2024-08-29T00:00:36Z
4332580.285919201,3402928.313471715,2024-08-29T01:00:11Z
4332530.07727042,3402947.110452196,2024-08-29T02:00:17Z
4332161.711371143,3402138.3149220063,2024-08-29T03:00:38Z
4332102.301170737,3402137.0638335636,2024-08-29T04:00:09Z
4332058.6222545765,3402183.7019285294,2024-08-29T05:00:10Z
4332063.913777138,3402179.262805201,2024-08-29T06:01:02Z
4332045.463803692,3402164.753253909,2024-08-29T07:00:10Z
4332041.502971378,3402164.744110206,2024-08-29T08:01:00Z
4332036.208851776,3402170.2960919645,2024-08-29T09:00:38Z
4332058.674399782,3402161.4452556768,2024-08-29T10:00:09Z
4332052.730541293,3402162.544358591,2024-08-29T11:00:10Z
4332059.989463003,3402163.6739752367,2024-08-29T12:00:37Z
4332056.70180261,3402158.102177023,2024-08-29T13:00:11Z
4332060.665248217,3402156.998499673,2024-08-29T14:00:12Z
4332057.359335313,3402159.216536488,2024-08-29T15:00:38Z
4332060.662640493,3402158.1113333083,2024-08-29T16:00:10Z
4332053.3958923435,3402160.32021658,2024-08-29T17:00:09Z
4332052.067796564,3402163.6556670577,2024-08-29T18:00:37Z
4332045.307554479,3402231.5232730983,2024-08-29T19:00:09Z
4332541.559049034,3402840.305495316,2024-08-29T20:00:13Z
4332672.145955626,3402881.797476677,2024-08-29T21:01:29Z
4333092.459266668,3402418.787206765,2024-08-29T22:01:30Z
4333061.837370755,3401744.32866742,2024-08-29T23:00:56Z
4333065.243592781,3401703.1621671193,2024-08-30T00:00:38Z
4333074.506362367,3401695.395653556,2024-08-30T01:00:14Z
4333108.11023114,3401464.009808079,2024-08-30T02:00:38Z
4333071.188032399,3401185.7064688597,2024-08-30T03:00:36Z
4333077.139052286,3401182.3829651047,2024-08-30T04:00:10Z
4333071.182342136,3401187.9321348085,2024-08-30T05:00:38Z
4333073.160322371,3401189.049965345,2024-08-30T06:00:15Z
4333070.513531929,3401191.2689680606,2024-08-30T07:00:38Z
4333071.831236263,3401192.385132474,2024-08-30T08:00:14Z
4333075.13830167,3401190.1677967035,2024-08-30T09:00:36Z
4333057.3108775085,3401190.1228407756,2024-08-30T10:00:13Z
4333072.48582003,3401194.612464282,2024-08-30T11:00:36Z
4333077.113433498,3401192.398461854,2024-08-30T12:00:09Z
4333072.497201806,3401190.161132375,2024-08-30T13:00:36Z
4333072.500047249,3401189.0482993987,2024-08-30T14:00:10Z
4333069.170224972,3401200.1683008154,2024-08-30T15:00:28Z
4333073.154631173,3401191.2756312946,2024-08-30T16:00:37Z
4333071.182342136,3401187.9321348085,2024-08-30T17:00:10Z
4333076.484468982,3401180.1556326686,2024-08-30T18:00:12Z
4333093.9556064485,3401319.304781873,2024-08-30T19:00:36Z
4333590.496831134,3401557.620645059,2024-08-30T20:00:19Z
4333614.068487971,3401384.079601856,2024-08-30T21:00:37Z
4333648.419262324,3401377.4932421916,2024-08-30T22:00:11Z
4333659.688250801,3401360.830436337,2024-08-30T23:00:38Z
4333657.725398758,3401354.1481997417,2024-08-31T00:00:10Z
4333888.659598766,3401653.0060287067,2024-08-31T01:00:48Z
4334065.552801574,3401669.065606907,2024-08-31T02:00:54Z
4333365.555627693,3400978.35700057,2024-08-31T03:00:23Z
4333073.817751738,3401190.164464357,2024-08-31T04:00:37Z
4333076.5072399685,3401171.2529689013,2024-08-31T05:00:13Z
4333073.814905983,3401191.277297331,2024-08-31T06:00:32Z
4333073.1773959575,3401182.3729675044,2024-08-31T07:00:11Z
4333083.084384692,3401181.285134693,2024-08-31T08:00:10Z
4333075.787191746,3401194.620794914,2024-08-31T09:00:38Z
4333073.157476772,3401190.16279832,2024-08-31T10:00:10Z
4333067.234911447,3401182.3579772534,2024-08-31T11:00:21Z
4333065.851793789,3401206.836972639,2024-08-31T12:00:37Z
4333073.151785574,3401192.388464272,2024-08-31T13:00:11Z
4333079.114186451,3401184.6136310776,2024-08-31T14:00:13Z
4333070.513531929,3401191.2689680606,2024-08-31T15:00:38Z
4333075.790037969,3401193.5079619363,2024-08-31T16:00:38Z
4333073.157476772,3401190.16279832,2024-08-31T17:00:10Z
4333071.822700397,3401195.7236314053,2024-08-31T18:00:13Z
4333132.467838203,3401234.826424457,2024-08-31T19:00:35Z
4333022.490738923,3402676.7898046356,2024-08-31T20:00:11Z
4332267.787823017,3403883.4966336307,2024-08-31T21:00:36Z
4331854.030878894,3405602.9901528102,2024-08-31T22:00:09Z
4332010.374158808,3408424.3981688046,2024-08-31T23:00:10Z
4333355.883557294,3409450.390618389,2024-09-01T00:01:06Z
4333340.047197731,3409457.026718588,2024-09-01T01:00:19Z
4333353.247079842,3409450.3837973718,2024-09-01T02:00:38Z
4333349.948564888,3409451.4881072277,2024-09-01T03:00:26Z
4333344.022325459,3409449.247101199,2024-09-01T04:00:38Z
4333365.828785058,3409428.159528909,2024-09-01T05:00:15Z
4333296.969138229,3409547.055762123,2024-09-01T06:00:37Z
4333296.972043929,3409545.9429280115,2024-09-01T07:00:11Z
4333315.45902226,3409533.749313234,2024-09-01T08:00:14Z
4333293.67070412,3409548.1601108294,2024-09-01T09:00:38Z
4333296.974949627,3409544.8300938937,2024-09-01T10:00:11Z
4333283.090183993,3409561.4869822436,2024-09-01T11:00:14Z
4333296.9633268295,3409549.2814303436,2024-09-01T12:00:38Z
4333300.935399779,3409542.614611176,2024-09-01T13:00:07Z
4333299.599748929,3409549.288220307,2024-09-01T14:00:11Z
4333296.972043929,3409545.9429280115,2024-09-01T15:00:38Z
4333261.480213631,3409760.6300880127,2024-09-01T16:00:14Z
4333863.053314765,3410545.6535641393,2024-09-01T17:00:27Z
4333859.078242356,3410553.432750293,2024-09-01T18:00:37Z
4334257.378181895,3411389.1540487316,2024-09-01T19:00:15Z
4334965.767038854,3413123.870974864,2024-09-01T20:00:22Z
4335460.322085885,3414643.263083237,2024-09-01T21:02:06Z
4334018.681257494,3415503.7887434643,2024-09-01T22:00:36Z
4332988.115212033,3417710.077939489,2024-09-01T23:00:14Z
4331357.101277039,3419162.9633535543,2024-09-02T00:00:36Z
4330018.016120363,3420812.808542277,2024-09-02T01:00:09Z
4327569.495452623,3422134.1931231557,2024-09-02T02:01:09Z
4325453.166096083,3423182.262962852,2024-09-02T03:00:56Z
4325007.223380429,3425912.77306438,2024-09-02T04:00:36Z
4325249.613716761,3426608.5077709495,2024-09-02T05:00:38Z
4325245.654257399,3426629.648173339,2024-09-02T06:00:36Z
4325247.643567291,3426608.5060107578,2024-09-02T07:00:17Z
4325251.573767762,3426619.6379119204,2024-09-02T08:00:36Z
4325246.340220289,3426597.376457785,2024-09-02T09:00:13Z
4325258.806736043,3426609.6288339677,2024-09-02T10:00:39Z
4325245.030817329,3426592.9239331456,2024-09-02T11:00:38Z
4325252.243612723,3426605.1716051567,2024-09-02T12:00:36Z
4325336.403288855,3426497.302229388,2024-09-02T13:00:36Z
4325249.6228011595,3426598.4922289834,2024-09-02T14:00:18Z
4325248.9570002705,3426608.5071841283,2024-09-02T15:00:38Z
4325254.864416795,3426611.8509827727,2024-09-02T16:00:10Z
4325247.632469272,3426620.747228727,2024-09-02T17:00:26Z
4324955.471424268,3426529.242454418,2024-09-02T18:02:36Z
4323678.856374476,3427565.5175257865,2024-09-02T19:00:36Z
4323245.836630777,3428257.478818533,2024-09-02T20:00:18Z
4323718.372350825,3428488.0831473563,2024-09-02T21:00:36Z
4323763.571715179,3428650.583646375,2024-09-02T22:00:09Z
4323796.976532234,3428773.0154320537,2024-09-02T23:00:36Z
4323787.7774726525,3428788.589767835,2024-09-03T00:00:10Z
4323752.377075865,3428710.6704345,2024-09-03T01:00:36Z
4323596.167807595,3428676.0845473707,2024-09-03T02:00:14Z
4323411.820242127,3428465.660944628,2024-09-03T03:01:12Z
4323408.528230337,3428484.5775306034,2024-09-03T04:00:38Z
4323406.597761405,3428408.9035319653,2024-09-03T05:00:19Z
4323323.250004724,3428362.122845588,2024-09-03T06:00:37Z
4323317.338464178,3428368.796991133,2024-09-03T07:00:11Z
4323336.379973854,3428361.0164425694,2024-09-03T08:00:18Z
4323403.932484332,3428485.68804264,2024-09-03T09:00:37Z
4323421.645214805,3428507.953804666,2024-09-03T10:03:00Z
4323429.516266401,3428520.1990452837,2024-09-03T11:00:16Z
4323447.888680539,3428535.7882112,2024-09-03T12:00:39Z
4323449.2068119645,3428525.7733432995,2024-09-03T13:00:38Z
4323455.11425824,3428526.8892294928,2024-09-03T14:00:10Z
4323454.458977303,3428524.663213971,2024-09-03T15:00:35Z
4323447.238050323,3428524.6594907013,2024-09-03T16:00:36Z
4323446.581602415,3428524.659152766,2024-09-03T17:00:36Z
4323386.200870955,3428500.1460090014,2024-09-03T18:00:14Z
4324180.798989916,3429036.9995634425,2024-09-03T19:01:06Z
4323946.000506144,3428744.1716615297,2024-09-03T20:00:37Z
4323857.465688904,3428610.5769769144,2024-09-03T21:00:09Z
4323860.178439725,3428468.135266593,2024-09-03T22:00:36Z
4323892.49737303,3428221.1046509584,2024-09-03T23:00:09Z
4323860.349732241,3428187.700039669,2024-09-04T00:00:14Z
4323632.644131129,3428012.852820511,2024-09-04T01:00:38Z
4324103.023580765,3428533.94507791,2024-09-04T02:00:09Z
4323871.639799776,3427976.2675097506,2024-09-04T03:01:07Z
4323830.941317409,3427966.2275517653,2024-09-04T04:00:37Z
4323602.602536017,3427727.94960337,2024-09-04T05:00:36Z
4323613.116802766,3427711.262792302,2024-09-04T06:00:36Z
4323589.475650975,3427720.152565262,2024-09-04T07:00:36Z
4323592.76399883,3427710.138810333,2024-09-04T08:00:11Z
4323590.135904196,3427713.4758934947,2024-09-04T09:00:38Z
4323586.186702665,3427731.2791607045,2024-09-04T10:00:12Z
4323591.449643178,3427712.363770847,2024-09-04T11:00:32Z
4323591.450874646,3427710.138094375,2024-09-04T12:00:12Z
4323611.809264026,3427701.246526598,2024-09-04T13:00:36Z
4323589.479957839,3427712.3626975906,2024-09-04T14:00:38Z
4323592.099430163,3427724.6053494033,2024-09-04T15:00:11Z
4323580.281962087,3427723.4860822507,2024-09-04T16:00:14Z
4323594.725670419,3427724.606782041,2024-09-04T17:00:38Z
4323772.625117428,3427772.5592652764,2024-09-04T18:00:13Z
4323771.888868428,3427907.212306609,2024-09-04T19:00:20Z
4323723.858937663,3428084.1258802535,2024-09-04T20:01:30Z
4323711.398784423,3428060.749146558,2024-09-04T21:00:37Z
4323771.6484582685,3428313.398254946,2024-09-04T22:00:36Z
4323767.715512745,3428303.380415964,2024-09-04T23:00:12Z
4323609.95524905,3428671.6407440044,2024-09-05T00:00:16Z
4323601.420457577,3428673.8617422218,2024-09-05T01:01:36Z
4323080.961375848,3428476.6329655703,2024-09-05T02:00:37Z
4323354.641400488,3428599.1728998185,2024-09-05T03:00:43Z
4323271.2938151285,3428557.957315664,2024-09-05T04:00:36Z
4323439.372849969,3428501.2858382594,2024-09-05T05:00:13Z
4323435.4347216645,3428500.1709802756,2024-09-05T06:00:54Z
4323437.387856067,3428531.331460681,2024-09-05T07:00:14Z
4323430.184843603,3428496.8297776286,2024-09-05T08:00:40Z
4323443.305750317,3428512.4162437264,2024-09-05T09:00:36Z
4323429.5226178,3428507.9578245427,2024-09-05T10:00:20Z
4323424.924584516,3428513.519669272,2024-09-05T11:00:37Z
4323434.775377087,3428505.734835214,2024-09-05T12:02:30Z
4323439.368791792,3428509.075705995,2024-09-05T13:00:17Z
4323438.057050463,3428506.8493558886,2024-09-05T14:01:40Z
4323345.551613348,3428398.857469611,2024-09-05T15:00:36Z
4323404.586080353,3428491.2525659464,2024-09-05T16:00:38Z
4323416.387295729,3428520.192352758,2024-09-05T17:01:30Z
4323445.275099189,3428512.417256446,2024-09-05T18:00:36Z
4323371.098545411,3428507.9283211064,2024-09-05T19:00:38Z
4323655.935459015,3428618.249963236,2024-09-05T20:00:37Z
4323573.195320162,3428671.620700706,2024-09-05T21:00:18Z
4323579.715447283,3428751.748611621,2024-09-05T22:00:38Z
4323566.587125881,3428751.7415041723,2024-09-05T23:00:36Z
4323581.698808457,3428726.1544015747,2024-09-06T00:00:09Z
4323577.79092395,3428670.5103523405,2024-09-06T01:00:36Z
4323342.237000144,3428463.4004700775,2024-09-06T02:01:06Z
4323367.179534098,3428468.977019,2024-09-06T03:00:36Z
4323384.899870851,3428476.7757467483,2024-09-06T04:00:17Z
4323430.834940586,3428509.0713340403,2024-09-06T05:00:37Z
4323424.268135047,3428513.5193344187,2024-09-06T06:00:14Z
4323432.8054472245,3428506.8466650913,2024-09-06T07:00:38Z
4323434.128182383,3428487.929087022,2024-09-06T08:00:45Z
4323430.179068049,3428507.958160122,2024-09-06T09:00:54Z
4323417.705364123,3428510.177476125,2024-09-06T10:00:17Z
4323425.585069231,3428505.7301364713,2024-09-06T11:00:37Z
4323438.719296701,3428495.7213101657,2024-09-06T12:00:39Z
4323425.584492767,3428506.8429747187,2024-09-06T13:00:36Z
4323434.774219791,3428507.9605117133,2024-09-06T14:00:36Z
4323432.803134506,3428511.2980180862,2024-09-06T15:00:18Z
4323434.774219791,3428507.9605117133,2024-09-06T16:00:36Z
4323434.768433312,3428519.088894199,2024-09-06T17:00:11Z
4323329.138867657,3428401.0750760804,2024-09-06T18:00:39Z
4323457.062578674,3428566.952423948,2024-09-06T19:00:11Z
4323581.719057436,3428689.4307399695,2024-09-06T20:00:11Z
4323544.915717574,3428769.5352679077,2024-09-06T21:00:38Z
4323596.684130084,3428928.699183638,2024-09-06T22:00:12Z
4323575.7708288245,3428762.874857884,2024-09-06T23:00:11Z
4323590.215026207,3428757.318514837,2024-09-07T00:01:26Z
4323930.816532326,3428882.1542628994,2024-09-07T01:00:36Z
4323923.664951466,3428771.9788352344,2024-09-07T02:00:36Z
4323926.947713286,3428770.8680170844,2024-09-07T03:00:10Z
4323430.827430329,3428523.53823127,2024-09-07T04:00:19Z
4323436.083646529,3428514.6382139,2024-09-07T05:01:57Z
4323433.459584286,3428511.2983541186,2024-09-07T06:00:54Z
4323429.5231952,3428506.8449862893,2024-09-07T07:00:36Z
4323451.18664109,3428505.7432700223,2024-09-07T08:00:18Z
4323425.582763377,3428510.1814894723,2024-09-07T09:00:35Z
4323435.429512433,3428510.186524515,2024-09-07T10:00:13Z
4323335.063702594,3428367.692826966,2024-09-07T11:00:54Z
4323621.797244235,3427451.9761826107,2024-09-07T12:02:30Z
4323586.849408221,3427720.1511355247,2024-09-07T13:00:14Z
4323597.999211308,3427741.301148432,2024-09-07T14:00:38Z
4323592.101893726,3427720.15399645,2024-09-07T15:00:09Z
4323581.59385574,3427725.7124715964,2024-09-07T16:00:13Z
4323589.480573104,3427711.249859361,2024-09-07T17:00:38Z
4323624.283343906,3427702.366234494,2024-09-07T18:00:11Z
4323889.094766434,3428415.849339506,2024-09-07T19:00:17Z
4323741.224419972,3428699.53560336,2024-09-07T20:00:37Z
4323581.021531448,3428763.9905448942,2024-09-07T21:00:38Z
4323734.690733967,3428647.2284260215,2024-09-07T22:00:10Z
4323577.113671073,3428708.346496237,2024-09-07T23:00:36Z
4323562.607820728,3428826.299540528,2024-09-08T00:00:09Z
4323565.794708717,3428999.9040750647,2024-09-08T01:00:38Z
4323541.5140382955,3428989.8754817424,2024-09-08T02:00:09Z
4323525.754249875,3429002.10830427,2024-09-08T03:00:38Z
4323539.583522814,3428918.6527822954,2024-09-08T04:00:11Z
4323428.209717302,3428507.9571536565,2024-09-08T05:00:36Z
4323424.927466054,3428507.9554780284,2024-09-08T06:00:20Z
4323423.615717546,3428505.72913191,2024-09-08T07:00:27Z
4323422.306846204,3428497.9385949094,2024-09-08T08:00:37Z
4323429.5226178,3428507.9578245427,2024-09-08T09:00:16Z
4323430.17329249,3428519.086542613,2024-09-08T10:00:39Z
4323430.173870047,3428517.9737043576,2024-09-08T11:00:38Z
4323430.834940586,3428509.0713340403,2024-09-08T12:00:36Z
4323411.883865315,3428342.135898661,2024-09-08T13:00:36Z
4323399.401175222,3428361.047836527,2024-09-08T14:00:18Z
4323413.844107449,3428359.9423103947,2024-09-08T15:00:36Z
4323414.508037891,3428345.475746532,2024-09-08T16:00:38Z
4323294.991767154,3428423.3152371394,2024-09-08T17:00:12Z
4323306.813019237,3428413.3054126245,2024-09-08T18:00:50Z
4323602.771045795,3428605.979328986,2024-09-08T19:00:12Z
4323495.678767483,3428780.6375447856,2024-09-08T20:00:36Z
4323618.476979469,3428692.7893638797,2024-09-08T21:00:36Z
4323540.976028243,3428771.7588371714,2024-09-08T22:00:38Z
4323548.195968498,3428772.875541104,2024-09-08T23:00:09Z
4323525.868917571,3428789.556201555,2024-09-09T00:00:31Z
4323533.023810608,3428910.8594118077,2024-09-09T01:00:10Z
4323573.773445359,3428814.064349687,2024-09-09T02:00:38Z
4323694.04901385,3428548.162582548,2024-09-09T03:00:10Z
4323240.44364509,3428552.378481416,2024-09-09T04:00:32Z
4323200.598755185,3428130.594069786,2024-09-09T05:00:38Z
4323201.314367128,3428004.8436485906,2024-09-09T06:01:30Z
4323173.753924009,3427975.897164811,2024-09-09T07:00:12Z
4323164.570805763,3427958.0875583393,2024-09-09T08:00:36Z
4323146.194669988,3427943.612325988,2024-09-09T09:00:11Z
4323505.466242578,3427663.3527826355,2024-09-09T10:00:40Z
4323599.311709146,3427742.414704432,2024-09-09T11:00:36Z
4323580.947720882,3427706.7938650525,2024-09-09T12:00:21Z
4323589.481803636,3427709.0241828756,2024-09-09T13:00:36Z
4323586.199606881,3427707.909557691,2024-09-09T14:00:36Z
4323599.336413407,3427697.9011749513,2024-09-09T15:00:12Z
4323578.3435246935,3427666.7302634027,2024-09-09T16:00:16Z
4323695.1178824175,3427831.495139138,2024-09-09T17:00:54Z
4323705.492096653,3428057.407265446,2024-09-09T18:00:38Z
4323522.68279392,3428611.500340546,2024-09-09T19:00:11Z
4323495.679360654,3428779.5247065504,2024-09-09T20:00:37Z
4323486.488999193,3428780.632728245,2024-09-09T21:00:38Z
4323542.261663548,3428821.8372597266,2024-09-09T22:00:11Z
4323475.275279419,3428884.12085984,2024-09-09T23:00:13Z
4323462.728798039,3429026.5576756643,2024-09-10T00:00:37Z
4323639.505769466,3428651.625968204,2024-09-10T01:00:12Z
4323726.1487115575,3428661.690420621,2024-09-10T02:00:11Z
4323719.588302812,3428655.0096308463,2024-09-10T03:00:38Z
4323340.859551825,3428592.489061221,2024-09-10T04:00:09Z
4322940.558017982,3428288.5038670115,2024-09-10T05:00:41Z
4323325.1846037535,3428432.232618992,2024-09-10T06:00:38Z
4323323.218533885,3428425.554626471,2024-09-10T07:00:17Z
4323314.681229886,3428432.2274926268,2024-09-10T08:00:37Z
4323313.366658806,3428435.5653682444,2024-09-10T09:00:11Z
4323310.73422731,3428448.918150152,2024-09-10T10:00:38Z
4323323.873891132,3428427.780623882,2024-09-10T11:00:11Z
4323314.022569267,3428436.6785260444,2024-09-10T12:00:38Z
4323320.590480683,3428430.0046968274,2024-09-10T13:00:12Z
4323320.58882619,3428433.3432116085,2024-09-10T14:00:38Z
4323318.615035817,3428442.244956642,2024-09-10T15:00:10Z
4323319.275904769,3428433.342570813,2024-09-10T16:00:38Z
4323319.273148838,3428438.906762118,2024-09-10T17:00:15Z
4323342.904592706,3428441.1440284345,2024-09-10T18:00:38Z
4323104.047790741,3428230.70581955,2024-09-10T19:01:08Z
4323317.960779851,3428437.7932834257,2024-09-10T20:00:45Z
4323326.497525486,3428432.23326142,2024-09-10T21:00:36Z
4323339.053661227,3428265.313643579,2024-09-10T22:01:36Z
4323297.594135977,3428471.168550989,2024-09-10T23:00:36Z
4323302.864386983,3428433.334591467,2024-09-11T00:00:26Z
4323287.720663521,3428525.6928764055,2024-09-11T01:00:38Z
4323287.716313904,3428534.5955825103,2024-09-11T02:00:12Z
4323270.646545882,3428539.0387515277,2024-09-11T03:00:38Z
4322777.101844571,3428268.408855432,2024-09-11T04:00:36Z
4323156.67607854,3427993.6948026083,2024-09-11T05:01:30Z
4322962.408878099,3427842.264603368,2024-09-11T06:00:38Z
4323186.221142549,3427990.3697826876,2024-09-11T07:00:16Z
4323325.1801830325,3428441.135325078,2024-09-11T08:00:38Z
4323424.361470874,3428333.2395378426,2024-09-11T09:00:20Z
4323410.573209789,3428337.6838796446,2024-09-11T10:01:00Z
4323409.911008561,3428348.8119293023,2024-09-11T11:00:22Z
4323408.600925434,3428343.2470725738,2024-09-11T12:00:36Z
4323414.502299859,3428356.604129054,2024-09-11T13:00:25Z
4323419.107948243,3428336.5753769525,2024-09-11T14:00:38Z
4323423.708452048,3428326.5621735617,2024-09-11T15:00:14Z
4323468.355837252,3428313.231085775,2024-09-11T16:00:21Z
4323291.860317789,3428115.0574540123,2024-09-11T17:00:38Z
4323172.3799602315,3428107.211481452,2024-09-11T18:00:20Z
4323128.414765757,3428061.565214255,2024-09-11T19:00:29Z
4323799.72794515,3428562.69055702,2024-09-11T20:00:37Z
4323642.132117843,3428650.514588847,2024-09-11T21:00:10Z
4323727.477774873,3428633.870218441,2024-09-11T22:00:36Z
4323749.772301975,3428675.058091963,2024-09-11T23:00:10Z
4323609.999291046,3428592.6292298045,2024-09-12T00:00:40Z
4323799.696671581,3428614.993952741,2024-09-12T01:00:38Z
4323720.2434394,3428657.2356829154,2024-09-12T02:00:10Z
4323701.904516135,3428586.0035533034,2024-09-12T03:00:38Z
4323345.909207617,3428995.3390984726,2024-09-12T04:00:09Z
4323323.893773093,3428387.718446493,2024-09-12T05:01:02Z
4323021.315270374,3428265.167913054,2024-09-12T06:00:38Z
4322821.747074668,3428257.297371093,2024-09-12T07:00:17Z
4322817.139585623,3428288.4550847514,2024-09-12T09:01:33Z
4322700.311013979,3428219.415874983,2024-09-12T10:00:15Z
4322702.2804860985,3428219.416579859,2024-09-12T11:00:38Z
4322739.052644139,3428196.060282736,2024-09-12T12:00:36Z
4322741.677792286,3428198.2869207766,2024-09-12T13:00:15Z
4322730.518222391,3428196.0571681513,2024-09-12T14:00:38Z
4322728.549151216,3428194.9436132517,2024-09-12T15:00:36Z
4322733.802340357,3428191.6070109927,2024-09-12T16:00:07Z
4322735.768936786,3428199.3975979416,2024-09-12T17:00:12Z
4322769.285002251,3428107.0443616514,2024-09-12T18:00:51Z
4323132.886679784,3428333.0998146557,2024-09-12T19:00:10Z
4323359.24935906,3428573.5798985246,2024-09-12T20:00:36Z
4323718.978400089,3428574.884903745,2024-09-12T21:00:14Z
4323732.102022742,3428583.795137803,2024-09-12T22:00:36Z
4323741.884101721,3428693.971790932,2024-09-12T23:00:09Z
4323749.779490946,3428662.8168716314,2024-09-13T00:00:36Z
4323784.543730735,3428707.3506548074,2024-09-13T01:00:11Z
4323819.397099577,3428602.764373038,2024-09-13T02:00:14Z
4323809.572580521,3428566.034881771,2024-09-13T03:00:37Z
4323665.82189557,3428548.1466674805,2024-09-13T04:00:31Z
4323691.74369227,3427990.629145478,2024-09-13T05:00:12Z
4323748.490020155,3427504.3511485737,2024-09-13T06:00:54Z
4323715.781125583,3427296.231535148,2024-09-13T07:00:36Z
4323709.1891790535,3427340.741318187,2024-09-13T08:00:39Z
4323715.107089425,3427326.277792229,2024-09-13T09:00:13Z
4323696.071633452,3427315.138574205,2024-09-13T10:00:38Z
4323675.012845748,3427397.4767350117,2024-09-13T11:00:36Z
4323691.410729153,3427427.5326311216,2024-09-13T12:01:00Z
4323682.909326559,3427367.4345424618,2024-09-13T13:00:10Z
4323671.064960525,3427411.9414170883,2024-09-13T14:00:36Z
4323678.282512866,3427420.8481860855,2024-09-13T15:00:10Z
4323695.3740328755,3427386.35984848,2024-09-13T16:00:15Z
4323683.541709584,3427409.722765715,2024-09-13T17:00:38Z
4323585.036338639,3427436.376313159,2024-09-13T18:02:30Z
4323776.299880457,3428218.8096885453,2024-09-13T19:02:30Z
4323800.285885655,3428727.390998218,2024-09-13T20:00:39Z
4323762.889675058,3428693.9839549507,2024-09-13T21:00:36Z
4323752.379038372,3428707.3319198657,2024-09-13T22:00:08Z
4323751.748122541,3428663.930849552,2024-09-13T23:00:36Z
4323814.692326576,3428785.2671150193,2024-09-14T00:00:10Z
4323782.589013453,3428682.8670609496,2024-09-14T01:00:10Z
4323785.842670659,3428730.7210264658,2024-09-14T02:01:00Z
4323757.631727561,3428705.1092873486,2024-09-14T03:00:09Z
4323508.925668747,3428559.1896468466,2024-09-14T04:00:35Z
4322732.487704334,3428196.0578855416,2024-09-14T05:00:36Z
4322737.740482082,3428193.834125941,2024-09-14T06:00:16Z
4322687.8324763,3428233.8783278535,2024-09-14T07:00:36Z
4322702.939404908,3428212.7397851106,2024-09-14T08:01:06Z
4322734.455125418,3428201.622795311,2024-09-14T09:00:36Z
4322744.328223075,3428132.6304231393,2024-09-14T10:00:21Z
4322685.844180687,3428286.1810298585,2024-09-14T11:00:36Z
4322681.916484026,3428255.0201616543,2024-09-14T12:01:06Z
4322701.622377903,3428223.867698073,2024-09-14T13:00:17Z
4322694.401389651,3428222.752280209,2024-09-14T14:01:00Z
4322691.747688392,3428299.5371887498,2024-09-14T15:00:31Z
4322723.284502999,3428229.4396941443,2024-09-14T16:00:13Z
4322819.822161101,3428142.674271046,2024-09-14T17:00:36Z
4322994.557712203,3427893.4685536325,2024-09-14T18:01:03Z
4323744.5926394835,3428552.6428533182,2024-09-14T19:00:38Z
4323760.271850877,3428680.628370845,2024-09-14T20:00:11Z
4323811.543243233,3428563.8103698357,2024-09-14T21:00:38Z
4323718.314852687,3428587.1257486604,2024-09-14T22:00:12Z
4323615.8972890405,3428610.437889258,2024-09-14T23:00:14Z
4323212.5099188695,3427931.40150372,2024-09-15T00:03:00Z
4322399.686827163,3428056.8434382225,2024-09-15T01:00:38Z
4322414.158687045,3427962.256454189,2024-09-15T02:00:09Z
4322427.2763343835,3428004.548235146,2024-09-15T03:00:36Z
4322443.029748211,3428014.568537002,2024-09-15T04:00:10Z
4322668.8153228555,3428174.891175199,2024-09-15T05:00:54Z
4322697.712081268,3428144.8547691987,2024-09-15T06:01:06Z
4322718.729512115,3428119.267037167,2024-09-15T07:00:09Z
4322691.156312747,3428119.257147786,2024-09-15T08:01:06Z
4322694.4336020015,3428133.7252148422,2024-09-15T09:01:38Z
4322709.528695885,3428145.971842533,2024-09-15T10:00:38Z
4322712.81567813,3428133.7318026684,2024-09-15T11:01:06Z
4322712.162023465,3428125.94169795,2024-09-15T12:01:06Z
4322813.26188625,3428130.4305409133,2024-09-15T13:00:11Z
4322731.842733665,3428164.898173514,2024-09-15T14:00:38Z
4322741.699314387,3428140.4193284563,2024-09-15T15:00:12Z
4322743.649345068,3428192.723451223,2024-09-15T16:00:54Z
4322672.064032702,3428269.4835857586,2024-09-15T17:00:13Z
4322614.943427453,3428288.3820901504,2024-09-15T18:00:56Z
4323122.933100465,3428567.904283369,2024-09-15T19:00:12Z
4323336.852606042,3428729.366228705,2024-09-15T20:00:37Z
4323359.171980586,3428727.151577671,2024-09-15T21:00:36Z
4322490.115702138,3428591.0333757126,2024-09-15T22:00:10Z
4323245.029149122,3428572.411738389,2024-09-15T23:00:36Z
4323241.091034458,3428571.297041425,2024-09-16T00:00:10Z
4323242.403917201,3428571.297660628,2024-09-16T01:00:06Z
4322383.798627887,3428503.0869980436,2024-09-16T02:00:37Z
4322402.282224082,3428159.225339172,2024-09-16T03:01:30Z
4322416.0663506035,3428167.019294432,2024-09-16T04:00:09Z
4322771.258730671,3428095.916711987,2024-09-16T06:00:37Z
4322750.9090623995,3428090.3449807735,2024-09-16T07:00:12Z
4322758.134837036,3428079.219263024,2024-09-16T08:00:38Z
4322723.3033409035,3428178.2491316604,2024-09-16T09:00:20Z
4322713.475845439,3428123.7164944177,2024-09-16T10:00:21Z
4322677.29637068,3428324.014513583,2024-09-16T11:00:38Z
4322668.736404636,3428396.346000486,2024-09-16T12:01:34Z
4322674.664894792,3428339.593324165,2024-09-16T13:00:16Z
4322853.240757097,3428301.8230842035,2024-09-16T14:00:36Z
4322853.891949417,3428315.1773998393,2024-09-16T15:00:19Z
4322732.451062561,3428295.100495458,2024-09-16T16:00:36Z
4322729.832952748,3428273.955611182,2024-09-16T17:00:38Z
4322740.338336023,3428269.5080919354,2024-09-16T18:00:36Z
4322555.065425544,3428704.5637026126,2024-09-16T19:00:11Z
4322460.676630531,3428268.3010908267,2024-09-16T20:00:37Z
4322455.428218395,3428257.171096582,2024-09-16T21:00:09Z
4322451.502068446,3428215.994873872,2024-09-16T22:00:36Z
4322225.683952604,3428159.176524253,2024-09-16T23:00:10Z
4322205.990984055,3428151.3816184085,2024-09-17T00:00:11Z
4322211.8954544375,3428166.962857933,2024-09-17T01:00:36Z
4322091.061954758,3428329.407996238,2024-09-17T02:00:11Z
4322087.12646158,3428314.940195198,2024-09-17T03:00:35Z
4322127.172381572,3428311.61100729,2024-09-17T04:00:10Z
4322561.793700947,3428212.6913157403,2024-09-17T05:00:36Z
4322790.299164922,3428091.4724908425,2024-09-17T06:00:38Z
4322783.07799357,3428090.35693828,2024-09-17T07:00:38Z
4322780.4616893865,3428064.7606728277,2024-09-17T08:00:14Z
4322829.667943892,3428147.129404381,2024-09-17T09:02:30Z
4322844.109209455,3428151.5863386523,2024-09-17T10:00:45Z
4322858.550005885,3428157.15615511,2024-09-17T11:01:05Z
4322852.641951233,3428156.041010396,2024-09-17T12:00:14Z
4322852.6371084675,3428168.282231749,2024-09-17T13:00:20Z
4322832.939123237,3428176.0644649235,2024-09-17T14:00:37Z
4322859.863446718,3428156.0438303384,2024-09-17T15:00:13Z
4322870.3461058475,3428209.464190226,2024-09-17T16:00:22Z
4322955.08980155,3428074.844832038,2024-09-17T17:00:38Z
4322922.884208494,3428163.858774503,2024-09-17T18:00:28Z
4322870.370106922,3428149.3709218316,2024-09-17T19:01:08Z
4322838.858955638,3428147.132950882,2024-09-17T20:01:36Z
4322872.3498419,3428123.776416182,2024-09-17T21:00:16Z
4322879.6276642,3427983.5616397588,2024-09-17T22:01:01Z
4322865.11367057,3428160.497241306,2024-09-17T23:00:14Z
4322886.785758569,3428141.5875397488,2024-09-18T00:00:38Z
4322880.864282198,3428173.857509032,2024-09-18T01:00:39Z
4323002.302444627,3428206.179426184,2024-09-18T02:00:22Z
4322840.172831888,3428144.907782368,2024-09-18T03:02:30Z
4322844.112715237,3428142.683632208,2024-09-18T04:03:00Z
4322834.2630138835,3428148.2440137193,2024-09-18T05:01:06Z
4322817.193132459,3428150.463134619,2024-09-18T06:00:38Z
4322832.956546073,3428131.5509326495,2024-09-18T07:00:10Z
4322815.208533765,3428189.411722916,2024-09-18T08:01:00Z
4323535.004604042,3427676.722503961,2024-09-18T09:03:00Z
4323534.352252384,3427668.932286201,2024-09-18T10:00:14Z
4323550.78160056,3427641.1201085276,2024-09-18T11:00:38Z
4323536.989976737,3427647.7897603004,2024-09-18T12:00:36Z
4323544.870036033,3427645.568294744,2024-09-18T13:00:14Z
4323544.211046895,3427650.019296306,2024-09-18T14:00:38Z
4323545.5199542595,3427657.8098669164,2024-09-18T15:00:18Z
4323531.718762475,3427682.284945854,2024-09-18T16:00:32Z
4323612.464585912,3427703.4725638097,2024-09-18T17:00:11Z
4323637.454086562,3427632.2646923927,2024-09-18T18:00:13Z
4322903.8452997515,3428164.963949672,2024-09-18T19:00:37Z
4322504.69001189,3428178.1749053895,2024-09-18T20:00:32Z
4322504.02565232,3428202.657140883,2024-09-18T21:00:36Z
4322334.033892079,3428062.3887529024,2024-09-18T22:00:36Z
4322367.538787951,3427984.4995831037,2024-09-18T23:00:10Z
4322344.540651623,3428053.4890055675,2024-09-19T00:00:36Z
4322336.661531103,3428056.82529887,2024-09-19T01:00:08Z
4322345.846323901,3428079.0846589585,2024-09-19T02:00:26Z
4322357.657703602,3428099.1191093926,2024-09-19T03:00:38Z
4322347.193277599,3427961.124166738,2024-09-19T04:00:37Z
4322783.083501821,3428075.890040232,2024-09-19T05:00:10Z
4322823.1219975995,3428098.1619964987,2024-09-19T06:00:09Z
4322884.802368956,3428176.084745814,2024-09-19T07:00:31Z
4322748.9075347,3428176.032805886,2024-09-19T08:00:38Z
4322756.117731738,3428206.0821026783,2024-09-19T09:00:13Z
4322828.36841103,3428112.6309116543,2024-09-19T10:00:37Z
4322829.687509426,3428097.05168055,2024-09-19T11:00:13Z
4322830.3435823405,3428098.164771591,2024-09-19T12:00:38Z
4322870.995483997,3428227.269861438,2024-09-19T13:00:10Z
4322734.432043738,3428263.941740878,2024-09-19T14:00:31Z
4322592.007071208,3428169.300638866,2024-09-19T15:00:36Z
4322591.350951636,3428168.1875807177,2024-09-19T16:00:13Z
4322655.718433524,3428081.4081649785,2024-09-19T17:00:36Z
4322502.716951417,3428189.3026656755,2024-09-19T18:01:08Z
4322379.851067943,3428533.1324880337,2024-09-19T19:00:36Z
4322394.328352335,3428414.0630006883,2024-09-19T20:00:38Z
4322409.43371009,3428391.810687004,2024-09-19T21:00:12Z
4322376.610383033,3428391.801067746,2024-09-19T22:00:38Z
4322375.296469425,3428395.1392026986,2024-09-19T23:00:10Z
4322282.084685066,3428371.743540503,2024-09-20T00:00:38Z
4322396.340217108,3428271.620271867,2024-09-20T01:00:10Z
4322320.908973637,3428043.4668344865,2024-09-20T02:00:38Z
4322320.250575903,3428050.1436821576,2024-09-20T03:00:08Z
4322329.433564353,3428079.080040589,2024-09-20T04:00:38Z
4322548.035701854,3428126.9982549828,2024-09-20T05:00:15Z
4322886.753476317,3428221.7118975157,2024-09-20T06:00:38Z
4322898.578875513,3428200.572674764,2024-09-20T07:00:14Z
4322903.826750488,3428210.5903200107,2024-09-20T08:00:38Z
4322897.262281926,3428209.4748569434,2024-09-20T09:00:13Z
4322835.602623045,3428080.361383816,2024-09-20T10:01:00Z
4322840.849455355,3428093.717474444,2024-09-20T11:00:31Z
4322848.079830073,3428071.4635103447,2024-09-20T12:00:17Z
4322836.914333932,3428083.7004059325,2024-09-20T13:00:16Z
4322821.806817608,3428103.7256846577,2024-09-20T14:00:37Z
4322833.628299481,3428092.6018450875,2024-09-20T15:00:24Z
4322558.520131375,3428185.9821185702,2024-09-20T16:00:39Z
4322495.528202422,3428086.9192618416,2024-09-20T17:00:34Z
4322504.068184226,3428070.229379559,2024-09-20T18:00:09Z
4322561.854567749,3428030.185830141,2024-09-20T19:00:49Z
4322666.14300911,3428305.09233731,2024-09-20T20:01:30Z
4322523.758101531,3428086.928226883,2024-09-20T21:00:44Z
4322483.729016521,3428030.1608038615,2024-09-20T22:00:38Z
4322332.055174381,3428094.6605125046,2024-09-20T23:00:10Z
4322395.046478312,3428207.075262854,2024-09-21T00:00:38Z
4322448.256436667,3428096.9201709824,2024-09-21T01:00:11Z
4322509.270782208,3428223.802733759,2024-09-21T02:00:36Z
4322494.191039064,3428162.5918554673,2024-09-21T03:00:12Z
4322396.971801455,3428355.0833399286,2024-09-21T04:00:37Z
4322444.664850999,3429098.47366861,2024-09-21T05:00:36Z
4322697.151673292,3429690.5871791826,2024-09-21T06:00:16Z
4323020.4198143305,3430339.49845967,2024-09-21T07:00:38Z
4323033.526275365,3430379.566235971,2024-09-21T08:00:12Z
4323053.8295148015,3430467.4892080766,2024-09-21T09:00:36Z
4322988.892259138,3430410.70681826,2024-09-21T10:00:37Z
4323035.491450683,3430387.3569467445,2024-09-21T11:00:15Z
4323032.206650912,3430396.258248247,2024-09-21T12:00:38Z
4323012.526350028,3430384.0086478777,2024-09-21T13:00:10Z
4323003.990674183,3430396.246262886,2024-09-21T14:00:38Z
4323161.508603674,3430323.980814563,2024-09-21T15:00:12Z
4322815.774665611,3430114.622475604,2024-09-21T16:01:02Z
4322981.106619742,3430201.489935381,2024-09-21T17:00:48Z
4322910.774308269,3428881.634710647,2024-09-21T18:00:54Z
4322339.731077115,3428801.3150709113,2024-09-21T19:00:38Z
4322471.875330638,3428145.892316789,2024-09-21T20:00:11Z
4322324.836417578,3428084.6429493153,2024-09-21T21:00:36Z
4322195.487832362,3428148.040450115,2024-09-21T22:00:10Z
4322191.545147087,3428162.506359655,2024-09-21T23:00:36Z
4322223.714455142,3428159.17601684,2024-09-22T00:00:10Z
4322228.312284332,3428150.2744952976,2024-09-22T01:00:36Z
4322168.569636848,3428154.710787183,2024-09-22T02:00:36Z
4322182.356132235,3428154.714196275,2024-09-22T03:00:07Z
4322097.666356174,3428160.25807805,2024-09-22T04:00:12Z
4322043.2463484155,3427848.6510682357,2024-09-22T05:01:06Z
4322144.345764485,3427882.059481788,2024-09-22T06:00:36Z
4322134.483676604,3427939.9247157592,2024-09-22T07:01:06Z
4322141.706319274,3427936.587929636,2024-09-22T08:00:38Z
4322152.211900156,3427932.1391106322,2024-09-22T09:00:14Z
4322153.529347692,3427914.334015435,2024-09-22T10:00:54Z
4322154.87891093,3427766.326833348,2024-09-22T11:00:36Z
4322097.753737268,3427787.4572293595,2024-09-22T12:00:39Z
4322112.852829813,3427794.137770364,2024-09-22T13:01:24Z
4322097.748781404,3427808.6011581165,2024-09-22T14:00:15Z
4322104.97685138,3427783.0075490726,2024-09-22T15:00:12Z
4322097.749042239,3427807.4883197607,2024-09-22T16:01:31Z
4322180.454513119,3427885.4068261213,2024-09-22T17:00:13Z
4322150.240667298,3427938.8156637764,2024-09-22T18:00:14Z
4322362.943770193,3427982.2725865985,2024-09-22T19:00:38Z
4322383.283522059,3428024.5663221395,2024-09-22T20:00:09Z
4322468.607482981,3428099.1520915707,2024-09-22T21:00:36Z
4322462.037543344,3428114.7298045503,2024-09-22T22:00:36Z
4322455.472143639,3428115.840628273,2024-09-22T23:00:10Z
4322475.171156473,3428103.6054776595,2024-09-23T00:00:10Z
4322414.798740514,3428016.785728062,2024-09-23T01:00:38Z
4322420.670276945,3428139.199707228,2024-09-23T02:00:10Z
4322268.309980808,3428330.56482347,2024-09-23T03:00:20Z
4322434.415912796,3428272.7444475763,2024-09-23T04:00:56Z
4322562.439424937,3428244.9638429238,2024-09-23T05:00:11Z
4322624.178933725,3428159.295976185,2024-09-23T06:00:36Z
4322590.694831752,3428167.074522671,2024-09-23T07:00:47Z
4322772.550685852,3428151.5591169936,2024-09-23T08:00:36Z
4322771.229267282,3428173.815393811,2024-09-23T09:00:13Z
4322711.492098247,3428162.665125967,2024-09-23T10:00:36Z
4322775.837406926,3428140.431959006,2024-09-23T11:00:12Z
4322814.576617418,3428125.9796887077,2024-09-23T12:00:36Z
4322788.967017371,3428141.5497205043,2024-09-23T13:00:36Z
4322783.706950859,3428162.691674784,2024-09-23T14:00:37Z
4322768.626394389,3428112.608308914,2024-09-23T15:00:11Z
4322848.717890384,3428118.202974469,2024-09-23T16:00:36Z
4322993.854744999,3428002.5264311484,2024-09-23T17:00:38Z
4322703.660670388,3428034.685889634,2024-09-23T18:00:25Z
4322474.503437043,3428139.216100617,2024-09-23T19:00:38Z
4322272.9503791565,3428164.7531386716,2024-09-23T20:00:11Z
4322336.026923024,3427980.0392687456,2024-09-23T21:00:36Z
4322266.378774802,3428189.2338287616,2024-09-23T22:00:38Z
4322462.691615654,3428122.519874841,2024-09-23T23:00:11Z
4322451.53138762,3428121.4036155217,2024-09-24T00:00:36Z
4322412.802996717,3428103.5865325686,2024-09-24T01:00:09Z
4322437.105706093,3428064.6444721646,2024-09-24T02:00:37Z
4322333.378013051,3428060.1628920273,2024-09-24T03:00:10Z
4322423.999482588,3427985.6289989883,2024-09-24T04:00:58Z
4322773.866637,3428143.7697385983,2024-09-24T05:00:36Z
4322773.210135689,3428143.769493663,2024-09-24T06:00:37Z
4322733.170557235,3428124.8364727204,2024-09-24T07:00:38Z
4322729.23769725,3428108.1424634745,2024-09-24T08:00:14Z
4322762.689359566,3428188.279119515,2024-09-24T09:00:33Z
4322778.488771274,3428073.6626420585,2024-09-24T10:00:12Z
4322819.175602395,3428117.078738678,2024-09-24T11:00:31Z
4322828.3662386425,3428118.1951031913,2024-09-24T12:00:36Z
4322831.655727235,3428100.3909539417,2024-09-24T13:00:10Z
4322827.712773996,3428110.4049825827,2024-09-24T14:00:36Z
4322842.148026147,3428130.441647201,2024-09-24T15:00:12Z
4322823.760736497,3428143.78861895,2024-09-24T16:00:15Z
4322850.677729859,3428142.686183559,2024-09-24T17:00:54Z
4322815.890919567,3428122.641675162,2024-09-24T18:00:38Z
4322297.927542852,3428055.701726962,2024-09-24T19:00:11Z
4322312.375209325,3428040.125955614,2024-09-24T20:00:37Z
4322456.8242719695,3427990.090298707,2024-09-24T21:00:09Z
4322456.822541099,3427995.6544903745,2024-09-24T22:00:09Z
4322458.136624711,3427992.316377944,2024-09-24T23:00:32Z
4322281.522618924,3428026.7634770847,2024-09-25T00:00:09Z
4322597.311432679,3428015.730711884,2024-09-25T01:00:16Z
4322386.5871989885,3427953.34562478,2024-09-25T02:00:37Z
4322364.925666685,3427939.985294761,2024-09-25T03:00:11Z
4322399.729067542,3427915.5129692843,2024-09-25T04:00:36Z
4322813.923993022,3428115.9638933735,2024-09-25T05:00:13Z
4322805.385993171,3428124.8633508403,2024-09-25T06:01:55Z
4322796.197071881,3428119.295677513,2024-09-25T07:01:06Z
4322804.0755574815,3428118.185822499,2024-09-25T08:00:36Z
4322788.973394136,3428124.8571458436,2024-09-25T09:00:12Z
4322788.98699787,3428089.2463199124,2024-09-25T10:00:55Z
4322804.730775794,3428121.5245866296,2024-09-25T11:00:36Z
4322724.62903859,3428143.75162007,2024-09-25T12:00:36Z
4322787.662510239,3428119.2924603405,2024-09-25T13:00:09Z
4322777.158856671,3428118.1756834653,2024-09-25T14:00:14Z
4322805.390712361,3428112.6221294394,2024-09-25T15:00:36Z
4322755.485851771,3428140.424399744,2024-09-25T16:00:14Z
4322788.980196008,3428107.0517328717,2024-09-25T17:00:39Z
4322205.260584322,3428438.493745283,2024-09-25T18:00:36Z
4322190.23130119,3428165.844545759,2024-09-25T19:00:08Z
4322270.241671206,3428469.670142121,2024-09-25T20:00:37Z
4322329.985138536,3428448.5425531003,2024-09-25T21:00:09Z
4322255.136331045,3428495.2614130983,2024-09-25T22:00:36Z
4322265.641969976,3428486.3614914576,2024-09-25T23:00:10Z
4322357.5241359575,3428559.8341812133,2024-09-26T00:00:13Z
4322338.48569883,3428565.3929739944,2024-09-26T01:00:37Z
4322329.942783774,3428597.6628903146,2024-09-26T02:00:10Z
4322398.900324118,3428491.963034264,2024-09-26T03:00:27Z
4322507.960310471,3428216.0124487597,2024-09-26T04:00:56Z
4322490.200696971,3428323.9521768847,2024-09-26T05:00:29Z
4322565.053843801,3428279.462694866,2024-09-26T06:00:38Z
4322542.082827069,3428261.649772162,2024-09-26T07:02:36Z
4322598.572808289,3428167.077165401,2024-09-26T08:01:06Z
4322597.917069687,3428164.8512680246,2024-09-26T09:00:36Z
4322607.110338104,3428158.177336505,2024-09-26T10:00:15Z
4322589.375414878,3428185.9923349977,2024-09-26T11:01:07Z
4322811.959213744,3428103.721920845,2024-09-26T14:00:37Z
4322588.720807172,3428180.4279239187,2024-09-26T15:00:38Z
4322594.629272727,3428180.42990229,2024-09-26T16:00:16Z
4322546.730413091,3428103.628222694,2024-09-26T17:02:00Z
4322523.084581334,3428139.231417977,2024-09-26T18:00:37Z
4322236.8955793185,3427965.545542665,2024-09-26T19:00:08Z
4322231.641612944,3427972.221209088,2024-09-26T20:00:36Z
4322226.38795296,3427977.7840429703,2024-09-26T21:00:09Z
4322200.780640876,3427988.905889993,2024-09-26T22:00:38Z
4321950.59408824,3428241.463595929,2024-09-26T23:00:11Z
4322188.290326016,3428053.447379797,2024-09-27T00:00:12Z
4322278.270708096,3427914.365920434,2024-09-27T01:00:36Z
4322255.295914134,3427899.892898739,2024-09-27T02:00:10Z
4322288.7749374295,3427915.4815949383,2024-09-27T03:00:12Z
4322520.49145271,3428037.962289304,2024-09-27T05:01:06Z
4322714.1233882345,3428148.1991740526,2024-09-27T06:02:02Z
4322711.499012311,3428143.746874595,2024-09-27T07:01:30Z
4322694.425146285,3428157.094819502,2024-09-27T08:00:36Z
4322642.535928349,3428230.523944872,2024-09-27T09:00:14Z
4322777.121693316,3428216.1054548416,2024-09-27T10:00:38Z
4322798.132829174,3428207.210648567,2024-09-27T11:00:11Z
4322793.537808468,3428206.096074152,2024-09-27T12:00:36Z
4322789.595876092,3428213.8844577647,2024-09-27T13:00:38Z
4322792.222267918,3428212.772608801,2024-09-27T14:00:38Z
4322717.38426161,3428207.1807895512,2024-09-27T15:00:16Z
4322697.042675219,3428180.46536092,2024-09-27T16:00:36Z
4322766.664853785,3428091.463648617,2024-09-27T17:00:36Z
4324369.443864334,3426843.7244786075,2024-09-27T18:02:58Z
4329392.92611467,3421056.490697462,2024-09-27T21:00:37Z
4330960.101610892,3419336.832849296,2024-09-27T22:00:10Z
4332869.254487342,3417878.932427651,2024-09-27T23:00:12Z
4334329.862024539,3415336.6092150304,2024-09-28T00:03:00Z
4334847.872097793,3412229.9143219762,2024-09-28T01:00:09Z
4333958.629298121,3409818.1132747848,2024-09-28T02:00:38Z
4331641.486810525,3407706.8929163357,2024-09-28T03:00:36Z
4331948.059587486,3404880.9713700083,2024-09-28T04:00:10Z
4333047.477397298,3402197.2184784943,2024-09-28T05:00:36Z
4332981.681495587,3402111.364528406,2024-09-28T06:00:11Z
4332961.800966929,3402141.361463248,2024-09-28T07:00:56Z
4332967.073638249,3402144.713171141,2024-09-28T08:00:10Z
4332965.761818595,3402141.3713689246,2024-09-28T09:00:20Z
4332963.129712246,3402138.026265184,2024-09-28T10:00:37Z
4332962.455468232,3402143.5887803687,2024-09-28T11:00:36Z
4332955.845595586,3402146.9107768913,2024-09-28T12:00:10Z
4332960.46940362,3402145.8094948865,2024-09-28T13:00:36Z
4332966.427603047,3402139.1473538047,2024-09-28T14:00:09Z
4332955.174179973,3402151.3604599047,2024-09-28T15:00:18Z
4332961.792506432,3402144.6999628516,2024-09-28T16:00:37Z
4332949.926863963,3402137.993266281,2024-09-28T17:00:13Z
4332956.556477295,3402126.8814291772,2024-09-28T18:01:26Z
4333905.828106025,3401651.9394691475,2024-09-28T19:00:38Z
4333868.241617089,3401635.145615287,2024-09-28T20:00:15Z
4333872.120966004,3401665.20275248,2024-09-28T21:00:36Z
4333866.20638608,3401655.1712760003,2024-09-28T22:00:37Z
4333901.197510041,3401655.2655028175,2024-09-28T23:00:11Z
4333892.6330166,3401648.565371139,2024-09-29T00:00:22Z
4333876.109534452,3401655.1979180025,2024-09-29T01:00:38Z
4333893.290188095,3401649.679982906,2024-09-29T02:00:12Z
4333720.915672132,3401916.3003313527,2024-09-29T03:00:33Z
4333474.444532707,3402001.340032369,2024-09-29T04:00:37Z
4333479.077431178,3401996.900752831,2024-09-29T05:00:11Z
4333471.795065858,3402004.6716462085,2024-09-29T06:00:13Z
4333473.133031476,3401997.9980910085,2024-09-29T07:00:38Z
4333478.405501713,3402001.3503624564,2024-09-29T08:00:12Z
4333471.184886906,3401985.751765722,2024-09-29T09:00:26Z
4333477.082237187,3402002.4597516404,2024-09-29T10:00:37Z
4333486.996432766,3401998.0342568588,2024-09-29T11:00:36Z
4333490.303131852,3401995.8172078887,2024-09-29T12:00:10Z
4333488.337365874,3401990.247873007,2024-09-29T13:00:10Z
4333485.015946875,3401998.029087849,2024-09-29T14:00:37Z
4333486.996432766,3401998.0342568588,2024-09-29T15:00:09Z
4333484.361671383,3401995.8016992137,2024-09-29T16:00:10Z
4333482.390012858,3401992.458032585,2024-09-29T17:00:36Z
4333644.0970867835,3402005.1239411784,2024-09-29T18:00:14Z
4333704.426312698,3401910.692310577,2024-09-29T19:00:38Z
4333601.486671367,3401892.6146041425,2024-09-29T20:00:35Z
4333623.334995982,3401869.3025495308,2024-09-29T21:00:11Z
4333600.814612266,3401897.064196555,2024-09-29T22:00:38Z
4333598.88160613,3401879.2536552446,2024-09-29T23:00:36Z
4333604.83509936,3401874.8179748147,2024-09-30T00:00:14Z
4333277.032789348,3401756.0044512036,2024-09-30T01:00:12Z
4333720.909674268,3401918.5259968825,2024-09-30T02:00:37Z
4333574.582466521,3401831.3375786357,2024-09-30T03:00:09Z
4333568.004316188,3401822.417568371,2024-09-30T04:00:36Z
4333568.007278986,3401821.304735539,2024-09-30T05:00:11Z
4333537.055347409,3401792.2896696883,2024-09-30T06:00:17Z
4333580.509305163,3401836.9173633987,2024-09-30T07:00:37Z
4333571.959507836,3401824.6536415205,2024-09-30T08:00:10Z
4333573.282844294,3401823.544278581,2024-09-30T09:00:36Z
4333574.005278785,3401800.176524353,2024-09-30T10:00:38Z
4333081.7353560645,3401192.4101298456,2024-09-30T11:01:06Z
4333092.2655490795,3401205.7908119117,2024-09-30T12:00:13Z
4333094.243516834,3401206.908651174,2024-09-30T13:00:38Z
4333094.2634709105,3401199.1188204126,2024-09-30T14:00:11Z
4333098.230816211,3401196.9031695398,2024-09-30T15:00:12Z
4333094.89523724,3401210.248819015,2024-09-30T16:00:37Z
4333095.569763869,3401204.686323219,2024-09-30T17:00:09Z
4333092.917271043,3401209.130979481,2024-09-30T18:00:21Z
4333726.27188175,3401643.6686007166,2024-09-30T19:00:47Z
4333903.172056357,3401657.496509308,2024-09-30T20:01:00Z
4333862.278478797,3401642.9194658827,2024-09-30T21:00:10Z
4333807.976040827,3401460.267907166,2024-09-30T22:00:36Z
4333767.761764746,3401437.903611871,2024-09-30T23:00:11Z
4333767.8911746405,3401390.0518078855,2024-10-01T00:00:36Z
4333715.6057786895,3401436.65187704,2024-10-01T01:00:09Z
4333711.638343293,3401438.8670161124,2024-10-01T02:00:36Z
4333706.368402328,3401434.4016553992,2024-10-01T03:00:09Z
4333793.351307923,3401496.9525237232,2024-10-01T04:00:36Z
4333574.882666904,3401470.7780175237,2024-10-01T05:00:09Z
4333504.968424,3401443.886606795,2024-10-01T06:00:22Z
4333454.124113439,3401445.97967205,2024-10-01T07:00:38Z
4333452.806570402,3401444.8634022633,2024-10-01T08:00:10Z
4333456.753325156,3401450.4378783675,2024-10-01T09:00:14Z
4333454.78435261,3401445.9813906704,2024-10-01T10:00:37Z
4333454.793159929,3401442.642892205,2024-10-01T11:00:10Z
4333452.771346703,3401458.217396157,2024-10-01T12:00:10Z
4333456.741580186,3401454.889209662,2024-10-01T13:00:36Z
4333455.4328480605,3401450.4344406747,2024-10-01T14:00:15Z
4333442.900047489,3401445.950469447,2024-10-01T15:00:15Z
4333508.879735631,3401462.8151195054,2024-10-01T16:00:37Z
4333517.46576475,3401461.7247341177,2024-10-01T17:00:17Z
4333757.50631544,3401568.0786169493,2024-10-01T18:00:36Z
4333735.694969819,3401576.9232334215,2024-10-01T19:00:38Z
4333909.1352438545,3401649.72270964,2024-10-01T20:00:14Z
4333997.284820287,3401765.6968197725,2024-10-01T21:00:38Z
4334133.73142515,3401842.8554791193,2024-10-01T22:00:38Z
4334258.087293363,3401992.31919654,2024-10-01T23:00:13Z
4334072.726406572,3401939.5055594086,2024-10-02T00:00:36Z
4334072.744897911,3401932.828563944,2024-10-02T01:00:12Z
4334074.725411063,3401932.8339762534,2024-10-02T02:00:36Z
4333871.5153729,3401645.169988792,2024-10-02T03:00:14Z
4333734.392538899,3401570.2427225495,2024-10-02T04:00:36Z
4333467.962685983,3401456.0312775606,2024-10-02T05:01:00Z
4333455.335962192,3401487.1579239634,2024-10-02T06:00:18Z
4333467.898030355,3401480.5135996034,2024-10-02T07:00:38Z
4333460.620766667,3401486.058843996,2024-10-02T08:00:10Z
4333468.611167567,3401460.484329366,2024-10-02T09:00:21Z
4333462.642594461,3401470.484343284,2024-10-02T10:00:37Z
4333457.40475451,3401453.7780958186,2024-10-02T11:00:10Z
4333456.04023701,3401470.467150325,2024-10-02T12:00:16Z
4333438.2549181795,3401454.8411151613,2024-10-02T13:00:38Z
4333437.591748516,3401455.952231654,2024-10-02T14:00:12Z
4333439.551936462,3401463.747210783,2024-10-02T15:00:18Z
4333438.243190635,3401459.292446495,2024-10-02T16:00:37Z
4333434.947866297,3401457.058200046,2024-10-02T17:00:10Z
4333742.6095575625,3401461.206213295,2024-10-02T18:00:11Z
4333705.986686779,3401330.906462955,2024-10-02T19:00:38Z
4333717.964209241,3401296.4402250885,2024-10-02T20:00:15Z
4333707.313187663,3401328.6843044506,2024-10-02T21:00:36Z
4333694.744394064,3401337.5536656743,2024-10-02T22:00:26Z
4333648.675657651,3401281.789630012,2024-10-02T23:00:38Z
4333645.401171973,3401271.7654098566,2024-10-03T00:00:33Z
4333678.44721944,3401259.611612349,2024-10-03T01:00:11Z
4333654.053196805,3401246.1929502958,2024-10-03T02:00:36Z
4333659.3532364415,3401239.529926359,2024-10-03T03:00:10Z
4333656.033998104,3401246.1981891636,2024-10-03T04:00:36Z
4333531.556593079,3401127.9094718858,2024-10-03T05:00:10Z
4333268.14098497,3401112.759929447,2024-10-03T06:00:35Z
4333276.032587392,3401125.0214121607,2024-10-03T07:00:12Z
4333276.029694034,3401126.1342450217,2024-10-03T08:00:11Z
4333280.037706128,3401108.3390848665,2024-10-03T09:00:38Z
4333272.053528441,3401131.688247082,2024-10-03T10:00:36Z
4333273.376987445,3401130.5788012636,2024-10-03T11:00:10Z
4333286.527631957,3401151.7565160953,2024-10-03T12:00:17Z
4333286.623195027,3401115.033031878,2024-10-03T13:00:38Z
4333293.880539973,3401117.2773529626,2024-10-03T14:00:10Z
4333292.557072431,3401118.386793108,2024-10-03T15:00:38Z
4333289.264336872,3401115.039814381,2024-10-03T16:00:13Z
4333292.554175183,3401119.499625956,2024-10-03T17:00:11Z
4333623.606524692,3401273.9335411894,2024-10-03T18:00:37Z
4334004.599075103,3401746.7984003723,2024-10-03T19:00:17Z
4334009.905186827,3401737.910099092,2024-10-03T20:00:17Z
4334242.308947896,3401968.9058313794,2024-10-03T21:01:06Z
4334407.954145845,3401756.814536158,2024-10-03T22:00:12Z
4334367.367084002,3401867.98508168,2024-10-03T23:00:38Z
4334363.418604773,3401863.5226859925,2024-10-04T00:00:10Z
4334368.693747397,3401865.7631062963,2024-10-04T01:00:13Z
4333717.121100066,3401364.3212626097,2024-10-04T03:00:37Z
4333717.778352952,3401365.4358501937,2024-10-04T04:00:36Z
4333729.659859991,3401366.580286755,2024-10-04T05:00:12Z
4333397.846268274,3401002.923041016,2024-10-04T06:00:11Z
4333276.701551998,3401121.68460762,2024-10-04T07:00:37Z
4333273.4145930065,3401116.1119740834,2024-10-04T08:00:10Z
4333275.349157695,3401133.92238111,2024-10-04T09:00:36Z
4333275.39834214,3401115.004222504,2024-10-04T10:00:36Z
4333284.648129398,3401112.8022802463,2024-10-04T11:00:11Z
4333266.125435356,3401126.108845537,2024-10-04T12:00:38Z
4333272.734059642,3401123.9001105307,2024-10-04T13:00:10Z
4333268.760787715,3401128.341282459,2024-10-04T14:00:36Z
4333274.040163626,3401129.4676620625,2024-10-04T15:00:36Z
4333295.192416658,3401120.6192445783,2024-10-04T16:00:13Z
4333265.427570124,3401140.573980231,2024-10-04T17:00:16Z
4333275.36651692,3401127.245383946,2024-10-04T18:00:37Z
4333513.832162719,3401088.9136699256,2024-10-04T19:00:10Z
4333569.169060915,3401136.9108483996,2024-10-04T20:00:09Z
4333567.182289768,3401139.1313109198,2024-10-04T21:00:36Z
4333574.735834136,3401030.0927880504,2024-10-04T22:00:10Z
4333507.273488901,3401072.20391558,2024-10-04T23:00:36Z
4333605.987401566,3401195.988252283,2024-10-05T00:00:38Z
4333998.113590538,3401224.858411609,2024-10-05T01:00:11Z
4333555.646761394,3401255.9492795556,2024-10-05T02:00:12Z
4333524.013043603,3401233.6095659547,2024-10-05T03:00:38Z
4333491.751141218,3401199.0271775187,2024-10-05T04:00:38Z
4333499.126098935,3401156.758499748,2024-10-05T05:00:10Z
4333274.074878317,3401116.11366775,2024-10-05T06:00:38Z
4333271.425060269,3401119.4453922156,2024-10-05T07:00:36Z
4333274.764094062,3401104.987032936,2024-10-05T08:00:15Z
4333278.025014886,3401120.57516309,2024-10-05T09:00:38Z
4333274.738056674,3401115.0025286544,2024-10-05T10:00:09Z
4333277.33868717,3401130.588964603,2024-10-05T11:00:09Z
4333220.949604819,3401232.825916454,2024-10-05T12:00:37Z
4333227.607053173,3401211.6989597497,2024-10-05T13:00:12Z
4333225.591658666,3401225.0478930697,2024-10-05T14:00:36Z
4333208.341188558,3401257.27621568,2024-10-05T15:00:10Z
4333220.966887633,3401226.148919012,2024-10-05T16:00:38Z
4333233.537966993,3401216.165480773,2024-10-05T17:00:09Z
4333644.032961111,3401289.5672432147,2024-10-05T18:00:36Z
4334212.701154216,3401933.2130520386,2024-10-05T19:00:36Z
4334224.5873496635,3401932.1330533433,2024-10-05T20:00:36Z
4334209.334902982,3401956.5734193237,2024-10-05T21:00:12Z
4334211.978688604,3401955.467878822,2024-10-05T22:00:36Z
4334245.612900548,3401967.8021368706,2024-10-05T23:00:11Z
4334239.699496641,3401957.7701977557,2024-10-06T00:00:38Z
4334223.142312194,3401976.64270353,2024-10-06T01:00:36Z
4333911.745338467,3401902.3446261333,2024-10-06T02:00:36Z
4333716.379920119,3401394.3659899514,2024-10-06T03:00:11Z
4333487.114509385,3401204.579277295,2024-10-06T04:00:36Z
4333397.247324979,3400979.5518420725,2024-10-06T05:00:13Z
4333273.423271205,3401112.7734755073,2024-10-06T06:00:37Z
4333276.052840894,3401117.2315821555,2024-10-06T07:00:13Z
4333272.088237537,3401118.334252749,2024-10-06T08:00:11Z
4333274.074878317,3401116.11366775,2024-10-06T09:00:37Z
4333277.382092204,3401113.8964717425,2024-10-06T10:00:09Z
4333275.380982934,3401121.6812196523,2024-10-06T11:00:11Z
4333277.382092204,3401113.8964717425,2024-10-06T12:00:37Z
4333275.395448939,3401116.1170553565,2024-10-06T13:00:38Z
4333278.705557424,3401112.7870273986,2024-10-06T14:00:10Z
4333287.318232484,3401101.6807331587,2024-10-06T15:00:10Z
4333274.735163629,3401116.115361508,2024-10-06T16:00:38Z
4333275.395448939,3401116.1170553565,2024-10-06T17:00:10Z
4333267.665743844,3401041.5369338994,2024-10-06T18:00:12Z
4333265.673293232,3401045.983187234,2024-10-06T19:00:37Z
4333272.308060833,3401033.758955977,2024-10-06T20:00:11Z
4333262.357367283,3401051.5388898947,2024-10-06T21:00:18Z
4333315.34055199,3400990.468743711,2024-10-06T22:01:06Z
4333473.986686108,3400925.222092978,2024-10-06T23:00:10Z
4333491.169517309,3400919.7027137084,2024-10-07T00:00:38Z
4333440.994542413,3400916.2334805797,2024-10-07T01:00:12Z
4333456.2345885215,3400896.24200052,2024-10-07T02:00:15Z
4333442.9725496555,3400917.3514639298,2024-10-07T03:00:38Z
4333474.6411181195,3400927.449479742,2024-10-07T04:00:10Z
4333255.333862304,3400959.1551559903,2024-10-07T05:00:27Z
4333255.330973969,3400960.267988832,2024-10-07T06:00:37Z
4333252.683970116,3400962.486890777,2024-10-07T07:00:12Z
4333248.070482408,3400959.136559207,2024-10-07T08:00:14Z
4333257.960646559,3400964.726085389,2024-10-07T09:00:38Z
4333294.859571865,3400994.8674373925,2024-10-07T10:00:36Z
4333282.348565444,3400981.4812249662,2024-10-07T11:00:10Z
4333278.3983157575,3400977.0197261954,2024-10-07T12:00:36Z
4333275.12572201,3400965.882927512,2024-10-07T13:00:14Z
4333275.75998987,3400975.9001168865,2024-10-07T14:00:36Z
4333275.731058219,3400987.0284452257,2024-10-07T15:00:10Z
4333251.37779353,3400956.919345241,2024-10-07T16:00:38Z
4333255.994169565,3400959.156847154,2024-10-07T17:00:10Z
4333611.213118242,3401217.145992589,2024-10-07T18:00:11Z
4334160.560694638,3401691.582827297,2024-10-07T19:00:37Z
4334214.644282955,3401946.572512271,2024-10-07T20:00:20Z
4334217.263147591,3401954.369634683,2024-10-07T21:00:38Z
4334213.311484537,3401951.0201953584,2024-10-07T22:00:36Z
4334206.0309510315,3401957.6771388897,2024-10-07T23:00:10Z
4334081.348708928,3401925.062195214,2024-10-08T00:00:36Z
4333829.775963451,3401455.8749506143,2024-10-08T01:00:38Z
4333673.711847699,3401301.887009694,2024-10-08T02:00:09Z
4333427.612540311,3400982.969129007,2024-10-08T03:00:10Z
4333279.052832635,3400979.2470862092,2024-10-08T04:00:37Z
4333277.066132329,3400981.4676691084,2024-10-08T05:00:10Z
4333271.14653165,3400972.549763061,2024-10-08T06:00:38Z
4333265.525859621,3401102.7376628574,2024-10-08T07:00:16Z
4333279.374525598,3401109.4502232377,2024-10-08T08:00:38Z
4333276.704445511,3401120.5717747575,2024-10-08T09:00:38Z
4333274.074878317,3401116.11366775,2024-10-08T10:00:10Z
4333273.423271205,3401112.7734755073,2024-10-08T11:00:36Z
4333277.367623867,3401119.4606360244,2024-10-08T12:00:10Z
4333274.077771206,3401115.0008348967,2024-10-08T13:00:11Z
4333276.718913072,3401115.007610475,2024-10-08T14:00:37Z
4333278.699769467,3401115.0126931155,2024-10-08T15:00:10Z
4333275.389662538,3401118.342721078,2024-10-08T16:00:36Z
4333283.324662783,3401113.9117229474,2024-10-08T17:00:11Z
4333337.802480923,3400986.075244758,2024-10-08T18:00:17Z
4333502.288759156,3400959.794006538,2024-10-08T19:00:37Z
4333504.269680633,3400959.799182534,2024-10-08T20:00:09Z
4333495.685687547,3400959.7767591416,2024-10-08T21:00:11Z
4333501.631398378,3400958.679448678,2024-10-08T22:01:00Z
4333501.625505614,3400960.9051141012,2024-10-08T23:00:11Z
4333557.730882696,3400968.8419058593,2024-10-09T00:00:36Z
4333616.890784975,3401069.1531705293,2024-10-09T01:00:36Z
4333597.108749814,3401059.085486957,2024-10-09T02:00:09Z
4333449.226523448,3401049.795735,2024-10-09T03:00:10Z
4333449.440712801,3400968.558944408,2024-10-09T04:00:37Z
4333417.710908066,3400981.8305831216,2024-10-09T05:00:10Z
4333248.79141196,3400935.768759707,2024-10-09T06:00:17Z
4333279.710242988,3400980.361613479,2024-10-09T07:00:38Z
4333275.757096706,3400977.0129497186,2024-10-09T08:00:10Z
4333278.404103329,3400974.7940605367,2024-10-09T09:00:36Z
4333286.298807647,3400985.942727001,2024-10-09T10:00:30Z
4333311.518009772,3400937.042573988,2024-10-09T11:00:11Z
4333275.930686006,3400910.2429801393,2024-10-09T12:00:38Z
4333289.12248667,3400915.84104158,2024-10-09T13:00:12Z
4333281.83877832,3400923.6122232666,2024-10-09T14:00:38Z
4333269.315978624,3400914.6773764114,2024-10-09T15:00:18Z
4333279.18595368,3400928.056776191,2024-10-09T16:00:36Z
4333304.993206155,3400906.979104048,2024-10-09T17:00:15Z
4333497.719627045,3400939.7509435974,2024-10-09T18:00:17Z
4333758.665761028,3401383.350154742,2024-10-09T19:00:37Z
4333788.979889119,3401404.5750586158,2024-10-09T20:00:12Z
4333784.349134244,3401407.9012053106,2024-10-09T21:00:36Z
4333806.049663601,3401440.2316179033,2024-10-09T22:00:11Z
4334208.092412456,3401928.748961312,2024-10-09T23:00:30Z
4334396.2697338825,3401919.2566229673,2024-10-10T00:00:37Z
4334066.781795015,3401940.602159996,2024-10-10T01:00:36Z
4333595.683607917,3401593.2451958572,2024-10-10T02:00:13Z
4333573.369548308,3401543.108677352,2024-10-10T03:00:38Z
4333577.313113306,3401549.796085864,2024-10-10T04:00:11Z
4333596.634813838,3401484.1893230844,2024-10-10T05:00:14Z
4333276.626835202,3401404.345854067,2024-10-10T06:01:00Z
4333277.903914357,3401421.041736041,2024-10-10T07:00:12Z
4333217.685695823,3401218.350657861,2024-10-10T08:00:36Z
4333225.009186325,3401194.999717775,2024-10-10T09:00:12Z
4333219.657868406,3401221.694214799,2024-10-10T10:00:37Z
4333218.340207151,3401220.5780096604,2024-10-10T11:00:13Z
